Fecha,Horario,Numero
02/01/2025,08:00,0
02/01/2025,09:00,23
02/01/2025,10:00,15
02/01/2025,11:00,8
02/01/2025,12:00,10
02/01/2025,13:00,21
02/01/2025,14:00,27
02/01/2025,15:00,2
02/01/2025,16:00,7
02/01/2025,17:00,16
02/01/2025,18:00,18
02/01/2025,19:00,20
03/01/2025,08:00,3
03/01/2025,09:00,28
03/01/2025,10:00,26
03/01/2025,11:00,27
03/01/2025,12:00,32
03/01/2025,13:00,34
03/01/2025,14:00,21
03/01/2025,15:00,29
03/01/2025,16:00,12
03/01/2025,17:00,16
03/01/2025,18:00,34
03/01/2025,19:00,23
04/01/2025,08:00,35
04/01/2025,09:00,0
04/01/2025,10:00,32
04/01/2025,11:00,31
04/01/2025,12:00,16
04/01/2025,13:00,10
04/01/2025,14:00,9
04/01/2025,15:00,3
04/01/2025,16:00,11
04/01/2025,17:00,12
04/01/2025,18:00,36
04/01/2025,19:00,21
05/01/2025,08:00,15
05/01/2025,09:00,9
05/01/2025,10:00,2
05/01/2025,11:00,31
05/01/2025,12:00,16
05/01/2025,13:00,00
05/01/2025,14:00,12
05/01/2025,15:00,14
05/01/2025,16:00,5
05/01/2025,17:00,27
05/01/2025,18:00,16
05/01/2025,19:00,6
06/01/2025,08:00,10
06/01/2025,09:00,30
06/01/2025,10:00,26
06/01/2025,11:00,0
06/01/2025,12:00,35
06/01/2025,13:00,15
06/01/2025,14:00,32
06/01/2025,15:00,14
06/01/2025,16:00,20
06/01/2025,17:00,12
06/01/2025,18:00,11
06/01/2025,19:00,26
07/01/2025,08:00,31
07/01/2025,09:00,34
07/01/2025,10:00,3
07/01/2025,11:00,0
07/01/2025,12:00,23
07/01/2025,13:00,26
07/01/2025,14:00,10
07/01/2025,15:00,36
07/01/2025,16:00,33
07/01/2025,17:00,20
07/01/2025,18:00,10
07/01/2025,19:00,25
08/01/2025,08:00,4
08/01/2025,09:00,35
08/01/2025,10:00,20
08/01/2025,11:00,16
08/01/2025,12:00,34
08/01/2025,13:00,8
08/01/2025,14:00,15
08/01/2025,15:00,31
08/01/2025,16:00,33
08/01/2025,17:00,32
08/01/2025,18:00,2
08/01/2025,19:00,21
09/01/2025,08:00,13
09/01/2025,09:00,35
09/01/2025,10:00,3
09/01/2025,11:00,2
09/01/2025,12:00,17
09/01/2025,13:00,15
09/01/2025,14:00,4
09/01/2025,15:00,18
09/01/2025,16:00,20
09/01/2025,17:00,36
09/01/2025,18:00,35
09/01/2025,19:00,27
10/01/2025,08:00,21
10/01/2025,09:00,32
10/01/2025,10:00,13
10/01/2025,11:00,6
10/01/2025,12:00,33
10/01/2025,13:00,4
10/01/2025,14:00,19
10/01/2025,15:00,11
10/01/2025,16:00,24
10/01/2025,17:00,24
10/01/2025,18:00,29
10/01/2025,19:00,4
11/01/2025,08:00,10
11/01/2025,09:00,4
11/01/2025,10:00,31
11/01/2025,11:00,23
11/01/2025,12:00,21
11/01/2025,13:00,17
11/01/2025,14:00,28
11/01/2025,15:00,21
11/01/2025,16:00,5
11/01/2025,17:00,20
11/01/2025,18:00,23
11/01/2025,19:00,1
12/01/2025,08:00,00
12/01/2025,09:00,33
12/01/2025,10:00,28
12/01/2025,11:00,8
12/01/2025,12:00,35
12/01/2025,13:00,1
12/01/2025,14:00,0
12/01/2025,15:00,7
12/01/2025,16:00,26
12/01/2025,17:00,29
12/01/2025,18:00,3
12/01/2025,19:00,29
13/01/2025,08:00,20
13/01/2025,09:00,11
13/01/2025,10:00,23
13/01/2025,11:00,4
13/01/2025,12:00,2
13/01/2025,13:00,24
13/01/2025,14:00,30
13/01/2025,15:00,9
13/01/2025,16:00,11
13/01/2025,17:00,28
13/01/2025,18:00,12
13/01/2025,19:00,21
14/01/2025,08:00,33
14/01/2025,09:00,27
14/01/2025,10:00,35
14/01/2025,11:00,17
14/01/2025,12:00,23
14/01/2025,13:00,1
14/01/2025,14:00,9
14/01/2025,15:00,34
14/01/2025,16:00,11
14/01/2025,17:00,0
14/01/2025,18:00,31
14/01/2025,19:00,15
15/01/2025,08:00,29
15/01/2025,09:00,12
15/01/2025,10:00,11
15/01/2025,11:00,30
15/01/2025,12:00,15
15/01/2025,13:00,4
15/01/2025,14:00,6
15/01/2025,15:00,2
15/01/2025,16:00,6
15/01/2025,17:00,19
15/01/2025,18:00,33
15/01/2025,19:00,13
16/01/2025,08:00,1
16/01/2025,09:00,26
16/01/2025,10:00,6
16/01/2025,11:00,17
16/01/2025,12:00,2
16/01/2025,13:00,25
16/01/2025,14:00,13
16/01/2025,15:00,20
16/01/2025,16:00,15
16/01/2025,17:00,4
16/01/2025,18:00,20
16/01/2025,19:00,22
17/01/2025,08:00,33
17/01/2025,09:00,35
17/01/2025,10:00,22
17/01/2025,11:00,10
17/01/2025,12:00,31
17/01/2025,13:00,2
17/01/2025,14:00,26
17/01/2025,15:00,11
17/01/2025,16:00,29
17/01/2025,17:00,19
17/01/2025,18:00,30
17/01/2025,19:00,25
18/01/2025,08:00,14
18/01/2025,09:00,17
18/01/2025,10:00,30
18/01/2025,11:00,13
18/01/2025,12:00,6
18/01/2025,13:00,10
18/01/2025,14:00,36
18/01/2025,15:00,4
18/01/2025,16:00,16
18/01/2025,17:00,11
18/01/2025,18:00,24
18/01/2025,19:00,17
19/01/2025,08:00,21
19/01/2025,09:00,0
19/01/2025,10:00,19
19/01/2025,11:00,21
19/01/2025,12:00,32
19/01/2025,13:00,10
19/01/2025,14:00,10
19/01/2025,15:00,3
19/01/2025,16:00,25
19/01/2025,17:00,18
19/01/2025,18:00,26
19/01/2025,19:00,33
20/01/2025,08:00,29
20/01/2025,09:00,35
20/01/2025,10:00,31
20/01/2025,11:00,17
20/01/2025,12:00,30
20/01/2025,13:00,23
20/01/2025,14:00,14
20/01/2025,15:00,36
20/01/2025,16:00,24
20/01/2025,17:00,20
20/01/2025,18:00,30
20/01/2025,19:00,0
21/01/2025,08:00,19
21/01/2025,09:00,29
21/01/2025,10:00,28
21/01/2025,11:00,13
21/01/2025,12:00,17
21/01/2025,13:00,6
21/01/2025,14:00,14
21/01/2025,15:00,0
21/01/2025,16:00,20
21/01/2025,17:00,25
21/01/2025,18:00,29
21/01/2025,19:00,23
22/01/2025,08:00,12
22/01/2025,09:00,5
22/01/2025,10:00,19
22/01/2025,11:00,21
22/01/2025,12:00,0
22/01/2025,13:00,11
22/01/2025,14:00,5
22/01/2025,15:00,25
22/01/2025,16:00,3
22/01/2025,17:00,21
22/01/2025,18:00,12
22/01/2025,19:00,6
23/01/2025,08:00,13
23/01/2025,09:00,23
23/01/2025,10:00,20
23/01/2025,11:00,14
23/01/2025,12:00,28
23/01/2025,13:00,21
23/01/2025,14:00,21
23/01/2025,15:00,29
23/01/2025,16:00,34
23/01/2025,17:00,6
23/01/2025,18:00,10
23/01/2025,19:00,34
24/01/2025,08:00,0
24/01/2025,09:00,0
24/01/2025,10:00,34
24/01/2025,11:00,4
24/01/2025,12:00,20
24/01/2025,13:00,3
24/01/2025,14:00,28
24/01/2025,15:00,11
24/01/2025,16:00,6
24/01/2025,17:00,32
24/01/2025,18:00,14
24/01/2025,19:00,33
25/01/2025,08:00,9
25/01/2025,09:00,14
25/01/2025,10:00,19
25/01/2025,11:00,32
25/01/2025,12:00,21
25/01/2025,13:00,36
25/01/2025,14:00,24
25/01/2025,15:00,9
25/01/2025,16:00,33
25/01/2025,17:00,4
25/01/2025,18:00,2
25/01/2025,19:00,16
26/01/2025,08:00,28
26/01/2025,09:00,19
26/01/2025,10:00,20
26/01/2025,11:00,6
26/01/2025,12:00,9
26/01/2025,13:00,24
26/01/2025,14:00,2
26/01/2025,15:00,27
26/01/2025,16:00,15
26/01/2025,17:00,8
26/01/2025,18:00,17
26/01/2025,19:00,12
27/01/2025,08:00,4
27/01/2025,09:00,0
27/01/2025,10:00,33
27/01/2025,11:00,3
27/01/2025,12:00,22
27/01/2025,13:00,5
27/01/2025,14:00,21
27/01/2025,15:00,5
27/01/2025,16:00,24
27/01/2025,17:00,18
27/01/2025,18:00,26
27/01/2025,19:00,32
28/01/2025,08:00,6
28/01/2025,09:00,0
28/01/2025,10:00,22
28/01/2025,11:00,17
28/01/2025,12:00,23
28/01/2025,13:00,11
28/01/2025,14:00,0
28/01/2025,15:00,28
28/01/2025,16:00,23
28/01/2025,17:00,4
28/01/2025,18:00,32
28/01/2025,19:00,31
29/01/2025,08:00,9
29/01/2025,09:00,26
29/01/2025,10:00,3
29/01/2025,11:00,17
29/01/2025,12:00,36
29/01/2025,13:00,23
29/01/2025,14:00,21
29/01/2025,15:00,10
29/01/2025,16:00,7
29/01/2025,17:00,17
29/01/2025,18:00,0
29/01/2025,19:00,20
30/01/2025,08:00,4
30/01/2025,09:00,11
30/01/2025,10:00,32
30/01/2025,11:00,10
30/01/2025,12:00,29
30/01/2025,13:00,17
30/01/2025,14:00,25
30/01/2025,15:00,1
30/01/2025,16:00,9
30/01/2025,17:00,16
30/01/2025,18:00,26
30/01/2025,19:00,11
31/01/2025,08:00,20
31/01/2025,09:00,34
31/01/2025,10:00,1
31/01/2025,11:00,24
31/01/2025,12:00,0
31/01/2025,13:00,29
31/01/2025,14:00,13
31/01/2025,15:00,14
31/01/2025,16:00,24
31/01/2025,17:00,31
31/01/2025,18:00,1
31/01/2025,19:00,23
01/02/2025,08:00,06
01/02/2025,09:00,11
01/02/2025,10:00,13
01/02/2025,11:00,32
01/02/2025,12:00,18
01/02/2025,13:00,0
01/02/2025,14:00,22
01/02/2025,15:00,19
01/02/2025,16:00,00
01/02/2025,17:00,03
01/02/2025,18:00,20
01/02/2025,19:00,09
02/02/2025,08:00,10
02/02/2025,09:00,09
02/02/2025,10:00,24
02/02/2025,11:00,23
02/02/2025,12:00,30
02/02/2025,13:00,02
02/02/2025,14:00,33
02/02/2025,15:00,05
02/02/2025,16:00,23
02/02/2025,17:00,28
02/02/2025,18:00,09
02/02/2025,19:00,00
03/02/2025,08:00,11
03/02/2025,09:00,20
03/02/2025,10:00,06
03/02/2025,11:00,34
03/02/2025,12:00,29
03/02/2025,13:00,27
03/02/2025,14:00,25
03/02/2025,15:00,24
03/02/2025,16:00,19
03/02/2025,17:00,01
03/02/2025,18:00,09
03/02/2025,19:00,23
04/02/2025,08:00,17
04/02/2025,09:00,20
04/02/2025,10:00,00
04/02/2025,11:00,02
04/02/2025,12:00,06
04/02/2025,13:00,13
04/02/2025,14:00,24
04/02/2025,15:00,31
04/02/2025,16:00,23
04/02/2025,17:00,0
04/02/2025,18:00,14
04/02/2025,19:00,22
05/02/2025,08:00,01
05/02/2025,09:00,08
05/02/2025,10:00,23
05/02/2025,11:00,26
05/02/2025,12:00,09
05/02/2025,13:00,20
05/02/2025,14:00,10
05/02/2025,15:00,24
05/02/2025,16:00,03
05/02/2025,17:00,11
05/02/2025,18:00,13
05/02/2025,19:00,10
06/02/2025,08:00,15
06/02/2025,09:00,24
06/02/2025,10:00,22
06/02/2025,11:00,34
06/02/2025,12:00,11
06/02/2025,13:00,35
06/02/2025,14:00,16
06/02/2025,15:00,15
06/02/2025,16:00,28
06/02/2025,17:00,31
06/02/2025,18:00,31
06/02/2025,19:00,21
07/02/2025,08:00,02
07/02/2025,09:00,28
07/02/2025,10:00,14
07/02/2025,11:00,01
07/02/2025,12:00,15
07/02/2025,13:00,30
07/02/2025,14:00,31
07/02/2025,15:00,04
07/02/2025,16:00,09
07/02/2025,17:00,05
07/02/2025,18:00,34
07/02/2025,19:00,09
08/02/2025,08:00,35
08/02/2025,09:00,22
08/02/2025,10:00,19
08/02/2025,11:00,23
08/02/2025,12:00,02
08/02/2025,13:00,36
08/02/2025,14:00,30
08/02/2025,15:00,01
08/02/2025,16:00,36
08/02/2025,17:00,26
08/02/2025,18:00,15
08/02/2025,19:00,23
09/02/2025,08:00,11
09/02/2025,09:00,13
09/02/2025,10:00,22
09/02/2025,11:00,25
09/02/2025,12:00,13
09/02/2025,13:00,0
09/02/2025,14:00,17
09/02/2025,15:00,16
09/02/2025,16:00,01
09/02/2025,17:00,29
09/02/2025,18:00,21
09/02/2025,19:00,34
10/02/2025,08:00,02
10/02/2025,09:00,14
10/02/2025,10:00,09
10/02/2025,11:00,17
10/02/2025,12:00,24
10/02/2025,13:00,34
10/02/2025,14:00,28
10/02/2025,15:00,08
10/02/2025,16:00,08
10/02/2025,17:00,21
10/02/2025,18:00,01
10/02/2025,19:00,21
11/02/2025,08:00,35
11/02/2025,09:00,30
11/02/2025,10:00,05
11/02/2025,11:00,29
11/02/2025,12:00,11
11/02/2025,13:00,26
11/02/2025,14:00,15
11/02/2025,15:00,09
11/02/2025,16:00,06
11/02/2025,17:00,20
11/02/2025,18:00,24
11/02/2025,19:00,17
12/02/2025,08:00,33
12/02/2025,09:00,08
12/02/2025,10:00,30
12/02/2025,11:00,23
12/02/2025,12:00,01
12/02/2025,13:00,35
12/02/2025,14:00,07
12/02/2025,15:00,29
12/02/2025,16:00,06
12/02/2025,17:00,15
12/02/2025,18:00,31
12/02/2025,19:00,0
13/02/2025,08:00,17
13/02/2025,09:00,06
13/02/2025,10:00,28
13/02/2025,11:00,23
13/02/2025,12:00,02
13/02/2025,13:00,01
13/02/2025,14:00,00
13/02/2025,15:00,03
13/02/2025,16:00,18
13/02/2025,17:00,30
13/02/2025,18:00,11
13/02/2025,19:00,30
14/02/2025,08:00,22
14/02/2025,09:00,09
14/02/2025,10:00,03
14/02/2025,11:00,16
14/02/2025,12:00,07
14/02/2025,13:00,30
14/02/2025,14:00,04
14/02/2025,15:00,08
14/02/2025,16:00,22
14/02/2025,17:00,02
14/02/2025,18:00,29
14/02/2025,19:00,17
15/02/2025,08:00,32
15/02/2025,09:00,29
15/02/2025,10:00,01
15/02/2025,11:00,20
15/02/2025,12:00,00
15/02/2025,13:00,17
15/02/2025,14:00,13
15/02/2025,15:00,02
15/02/2025,16:00,08
15/02/2025,17:00,0
15/02/2025,18:00,18
15/02/2025,19:00,01
16/02/2025,08:00,35
16/02/2025,09:00,15
16/02/2025,10:00,20
16/02/2025,11:00,32
16/02/2025,12:00,34
16/02/2025,13:00,35
16/02/2025,14:00,09
16/02/2025,15:00,21
16/02/2025,16:00,24
16/02/2025,17:00,07
16/02/2025,18:00,27
16/02/2025,19:00,28
17/02/2025,08:00,33
17/02/2025,09:00,03
17/02/2025,10:00,24
17/02/2025,11:00,29
17/02/2025,12:00,25
17/02/2025,13:00,25
17/02/2025,14:00,12
17/02/2025,15:00,30
17/02/2025,16:00,01
17/02/2025,17:00,32
17/02/2025,18:00,35
17/02/2025,19:00,24
18/02/2025,08:00,12
18/02/2025,09:00,00
18/02/2025,10:00,32
18/02/2025,11:00,28
18/02/2025,12:00,15
18/02/2025,13:00,33
18/02/2025,14:00,02
18/02/2025,15:00,22
18/02/2025,16:00,01
18/02/2025,17:00,26
18/02/2025,18:00,30
18/02/2025,19:00,00
19/02/2025,08:00,24
19/02/2025,09:00,30
19/02/2025,10:00,11
19/02/2025,11:00,03
19/02/2025,12:00,32
19/02/2025,13:00,01
19/02/2025,14:00,13
19/02/2025,15:00,15
19/02/2025,16:00,36
19/02/2025,17:00,22
19/02/2025,18:00,11
19/02/2025,19:00,05
20/02/2025,08:00,27
20/02/2025,09:00,09
20/02/2025,10:00,26
20/02/2025,11:00,12
20/02/2025,12:00,13
20/02/2025,13:00,03
20/02/2025,14:00,35
20/02/2025,15:00,24
20/02/2025,16:00,20
20/02/2025,17:00,33
20/02/2025,18:00,26
20/02/2025,19:00,13
21/02/2025,08:00,10
21/02/2025,09:00,33
21/02/2025,10:00,04
21/02/2025,11:00,32
21/02/2025,12:00,07
21/02/2025,13:00,10
21/02/2025,14:00,19
21/02/2025,15:00,02
21/02/2025,16:00,08
21/02/2025,17:00,13
21/02/2025,18:00,08
21/02/2025,19:00,18
22/02/2025,08:00,01
22/02/2025,09:00,32
22/02/2025,10:00,03
22/02/2025,11:00,15
22/02/2025,12:00,33
22/02/2025,13:00,08
22/02/2025,14:00,0
22/02/2025,15:00,23
22/02/2025,16:00,07
22/02/2025,17:00,09
22/02/2025,18:00,35
22/02/2025,19:00,12
23/02/2025,08:00,19
23/02/2025,09:00,25
23/02/2025,10:00,11
23/02/2025,11:00,19
23/02/2025,12:00,21
23/02/2025,13:00,11
23/02/2025,14:00,34
23/02/2025,15:00,24
23/02/2025,16:00,14
23/02/2025,17:00,13
23/02/2025,18:00,04
23/02/2025,19:00,26
24/02/2025,08:00,35
24/02/2025,09:00,33
24/02/2025,10:00,07
24/02/2025,11:00,26
24/02/2025,12:00,19
24/02/2025,13:00,27
24/02/2025,14:00,01
24/02/2025,15:00,06
24/02/2025,16:00,03
24/02/2025,17:00,08
24/02/2025,18:00,25
24/02/2025,19:00,03
25/02/2025,08:00,16
25/02/2025,09:00,25
25/02/2025,10:00,13
25/02/2025,11:00,26
25/02/2025,12:00,10
25/02/2025,13:00,03
25/02/2025,14:00,19
25/02/2025,15:00,14
25/02/2025,16:00,08
25/02/2025,17:00,21
25/02/2025,18:00,01
25/02/2025,19:00,07
26/02/2025,08:00,22
26/02/2025,09:00,28
26/02/2025,10:00,21
26/02/2025,11:00,30
26/02/2025,12:00,16
26/02/2025,13:00,08
26/02/2025,14:00,05
26/02/2025,15:00,36
26/02/2025,16:00,30
26/02/2025,17:00,29
26/02/2025,18:00,04
26/02/2025,19:00,25
27/02/2025,08:00,19
27/02/2025,09:00,07
27/02/2025,10:00,14
27/02/2025,11:00,26
27/02/2025,12:00,32
27/02/2025,13:00,06
27/02/2025,14:00,26
27/02/2025,15:00,27
27/02/2025,16:00,22
27/02/2025,17:00,08
27/02/2025,18:00,21
27/02/2025,19:00,28
28/02/2025,08:00,15
28/02/2025,09:00,22
28/02/2025,10:00,34
28/02/2025,11:00,21
28/02/2025,12:00,0
28/02/2025,13:00,26
28/02/2025,14:00,25
28/02/2025,15:00,22
28/02/2025,16:00,11
28/02/2025,17:00,24
28/02/2025,18:00,09
28/02/2025,19:00,21
01/03/2025,08:00,18
01/03/2025,09:00,34
01/03/2025,10:00,35
01/03/2025,11:00,36
01/03/2025,12:00,28
01/03/2025,13:00,26
01/03/2025,14:00,32
01/03/2025,15:00,19
01/03/2025,16:00,00
01/03/2025,17:00,24
01/03/2025,18:00,32
01/03/2025,19:00,25
02/03/2025,08:00,06
02/03/2025,09:00,05
02/03/2025,10:00,16
02/03/2025,11:00,03
02/03/2025,12:00,14
02/03/2025,13:00,05
02/03/2025,14:00,07
02/03/2025,15:00,19
02/03/2025,16:00,20
02/03/2025,17:00,25
02/03/2025,18:00,34
02/03/2025,19:00,18
03/03/2025,08:00,22
03/03/2025,09:00,16
03/03/2025,10:00,27
03/03/2025,11:00,08
03/03/2025,12:00,18
03/03/2025,13:00,24
03/03/2025,14:00,26
03/03/2025,15:00,01
03/03/2025,16:00,23
03/03/2025,17:00,36
03/03/2025,18:00,24
03/03/2025,19:00,19
04/03/2025,08:00,11
04/03/2025,09:00,19
04/03/2025,10:00,03
04/03/2025,11:00,22
04/03/2025,12:00,35
04/03/2025,13:00,23
04/03/2025,14:00,04
04/03/2025,15:00,22
04/03/2025,16:00,33
04/03/2025,17:00,25
04/03/2025,18:00,03
04/03/2025,19:00,18
05/03/2025,08:00,01
05/03/2025,09:00,36
05/03/2025,10:00,32
05/03/2025,11:00,19
05/03/2025,12:00,10
05/03/2025,13:00,01
05/03/2025,14:00,04
05/03/2025,15:00,12
05/03/2025,16:00,30
05/03/2025,17:00,12
05/03/2025,18:00,34
05/03/2025,19:00,03
06/03/2025,08:00,29
06/03/2025,09:00,19
06/03/2025,10:00,26
06/03/2025,11:00,36
06/03/2025,12:00,13
06/03/2025,13:00,15
06/03/2025,14:00,0
06/03/2025,15:00,16
06/03/2025,16:00,10
06/03/2025,17:00,16
06/03/2025,18:00,26
06/03/2025,19:00,14
07/03/2025,08:00,15
07/03/2025,09:00,12
07/03/2025,10:00,03
07/03/2025,11:00,14
07/03/2025,12:00,06
07/03/2025,13:00,27
07/03/2025,14:00,23
07/03/2025,15:00,31
07/03/2025,16:00,22
07/03/2025,17:00,10
07/03/2025,18:00,04
07/03/2025,19:00,15
08/03/2025,08:00,06
08/03/2025,09:00,27
08/03/2025,10:00,05
08/03/2025,11:00,01
08/03/2025,12:00,27
08/03/2025,13:00,24
08/03/2025,14:00,19
08/03/2025,15:00,04
08/03/2025,16:00,22
08/03/2025,17:00,17
08/03/2025,18:00,09
08/03/2025,19:00,01
09/03/2025,08:00,25
09/03/2025,09:00,30
09/03/2025,10:00,32
09/03/2025,11:00,26
09/03/2025,12:00,07
09/03/2025,13:00,03
09/03/2025,14:00,22
09/03/2025,15:00,06
09/03/2025,16:00,23
09/03/2025,17:00,05
09/03/2025,18:00,23
09/03/2025,19:00,05
10/03/2025,08:00,16
10/03/2025,09:00,23
10/03/2025,10:00,29
10/03/2025,11:00,11
10/03/2025,12:00,34
10/03/2025,13:00,34
10/03/2025,14:00,08
10/03/2025,15:00,15
10/03/2025,16:00,02
10/03/2025,17:00,11
10/03/2025,18:00,12
10/03/2025,19:00,29
11/03/2025,08:00,00
11/03/2025,09:00,28
11/03/2025,10:00,19
11/03/2025,11:00,0
11/03/2025,12:00,05
11/03/2025,13:00,16
11/03/2025,14:00,36
11/03/2025,15:00,13
11/03/2025,16:00,34
11/03/2025,17:00,01
11/03/2025,18:00,07
11/03/2025,19:00,25
12/03/2025,08:00,29
12/03/2025,09:00,05
12/03/2025,10:00,12
12/03/2025,11:00,04
12/03/2025,12:00,0
12/03/2025,13:00,18
12/03/2025,14:00,14
12/03/2025,15:00,33
12/03/2025,16:00,05
12/03/2025,17:00,36
12/03/2025,18:00,01
12/03/2025,19:00,0
13/03/2025,08:00,28
13/03/2025,09:00,25
13/03/2025,10:00,14
13/03/2025,11:00,0
13/03/2025,12:00,27
13/03/2025,13:00,19
13/03/2025,14:00,08
13/03/2025,15:00,12
13/03/2025,16:00,07
13/03/2025,17:00,31
13/03/2025,18:00,03
13/03/2025,19:00,17
14/03/2025,09:00,29
14/03/2025,10:00,0
14/03/2025,11:00,30
14/03/2025,12:00,05
14/03/2025,13:00,04
14/03/2025,14:00,28
14/03/2025,15:00,24
14/03/2025,16:00,25
14/03/2025,17:00,08
14/03/2025,18:00,23
14/03/2025,19:00,07
15/03/2025,08:00,09
15/03/2025,09:00,23
15/03/2025,10:00,31
15/03/2025,11:00,19
15/03/2025,12:00,30
15/03/2025,13:00,03
15/03/2025,14:00,08
15/03/2025,15:00,27
15/03/2025,16:00,07
15/03/2025,17:00,22
15/03/2025,18:00,18
15/03/2025,19:00,0
16/03/2025,08:00,34
16/03/2025,09:00,00
16/03/2025,10:00,02
16/03/2025,11:00,09
16/03/2025,12:00,04
16/03/2025,13:00,0
16/03/2025,14:00,12
16/03/2025,15:00,32
16/03/2025,16:00,11
16/03/2025,17:00,31
16/03/2025,18:00,26
16/03/2025,19:00,14
17/03/2025,08:00,15
17/03/2025,09:00,0
17/03/2025,10:00,01
17/03/2025,11:00,22
17/03/2025,12:00,28
17/03/2025,13:00,12
17/03/2025,14:00,36
17/03/2025,15:00,05
17/03/2025,16:00,19
17/03/2025,17:00,06
17/03/2025,18:00,08
17/03/2025,19:00,03
18/03/2025,08:00,23
18/03/2025,09:00,24
18/03/2025,10:00,15
18/03/2025,11:00,20
18/03/2025,12:00,29
18/03/2025,13:00,24
18/03/2025,14:00,06
18/03/2025,15:00,27
18/03/2025,16:00,03
18/03/2025,17:00,0
18/03/2025,18:00,17
18/03/2025,19:00,0
19/03/2025,08:00,19
19/03/2025,09:00,15
19/03/2025,10:00,08
19/03/2025,11:00,05
19/03/2025,12:00,06
19/03/2025,13:00,25
19/03/2025,14:00,06
19/03/2025,15:00,28
19/03/2025,16:00,02
19/03/2025,17:00,22
19/03/2025,18:00,07
19/03/2025,19:00,17
20/03/2025,08:00,31
20/03/2025,09:00,11
20/03/2025,10:00,04
20/03/2025,11:00,05
20/03/2025,12:00,07
20/03/2025,13:00,18
20/03/2025,14:00,16
20/03/2025,15:00,12
20/03/2025,16:00,19
20/03/2025,17:00,17
20/03/2025,18:00,01
20/03/2025,19:00,08
21/03/2025,08:00,19
21/03/2025,09:00,36
21/03/2025,10:00,31
21/03/2025,11:00,33
21/03/2025,12:00,01
21/03/2025,13:00,30
21/03/2025,14:00,22
21/03/2025,15:00,15
21/03/2025,16:00,18
21/03/2025,17:00,09
21/03/2025,18:00,12
21/03/2025,19:00,11
22/03/2025,08:00,07
22/03/2025,09:00,16
22/03/2025,10:00,01
22/03/2025,11:00,16
22/03/2025,12:00,25
22/03/2025,13:00,02
22/03/2025,14:00,05
22/03/2025,15:00,28
22/03/2025,16:00,13
22/03/2025,17:00,36
22/03/2025,18:00,18
22/03/2025,19:00,30
23/03/2025,08:00,29
23/03/2025,09:00,12
23/03/2025,10:00,02
23/03/2025,11:00,00
23/03/2025,12:00,29
23/03/2025,13:00,09
23/03/2025,14:00,0
23/03/2025,15:00,11
23/03/2025,16:00,30
23/03/2025,17:00,20
23/03/2025,18:00,05
23/03/2025,19:00,34
24/03/2025,08:00,18
24/03/2025,09:00,05
24/03/2025,10:00,27
24/03/2025,11:00,29
24/03/2025,12:00,30
24/03/2025,13:00,36
24/03/2025,14:00,15
24/03/2025,15:00,24
24/03/2025,16:00,33
24/03/2025,17:00,10
24/03/2025,18:00,12
24/03/2025,19:00,34
25/03/2025,08:00,20
25/03/2025,09:00,12
25/03/2025,10:00,26
25/03/2025,11:00,24
25/03/2025,12:00,0
25/03/2025,13:00,29
25/03/2025,14:00,14
25/03/2025,15:00,15
25/03/2025,16:00,02
25/03/2025,17:00,36
25/03/2025,18:00,12
25/03/2025,19:00,01
26/03/2025,08:00,17
26/03/2025,09:00,06
26/03/2025,10:00,15
26/03/2025,11:00,29
26/03/2025,12:00,28
26/03/2025,13:00,32
26/03/2025,14:00,33
26/03/2025,15:00,23
26/03/2025,16:00,31
26/03/2025,17:00,02
26/03/2025,18:00,18
26/03/2025,19:00,34
27/03/2025,08:00,33
27/03/2025,09:00,21
27/03/2025,10:00,17
27/03/2025,11:00,01
27/03/2025,12:00,14
27/03/2025,13:00,06
27/03/2025,14:00,22
27/03/2025,15:00,18
27/03/2025,16:00,03
27/03/2025,17:00,29
27/03/2025,18:00,05
27/03/2025,19:00,18
28/03/2025,08:00,31
28/03/2025,09:00,06
28/03/2025,10:00,28
28/03/2025,11:00,18
28/03/2025,12:00,0
28/03/2025,13:00,05
28/03/2025,14:00,11
28/03/2025,15:00,19
28/03/2025,16:00,03
28/03/2025,17:00,32
28/03/2025,18:00,0
28/03/2025,19:00,24
29/03/2025,08:00,20
29/03/2025,09:00,25
29/03/2025,10:00,25
29/03/2025,11:00,01
29/03/2025,12:00,33
29/03/2025,13:00,17
29/03/2025,14:00,36
29/03/2025,15:00,12
29/03/2025,16:00,18
29/03/2025,17:00,34
29/03/2025,18:00,11
29/03/2025,19:00,22
30/03/2025,08:00,10
30/03/2025,09:00,22
30/03/2025,10:00,12
30/03/2025,11:00,22
30/03/2025,12:00,11
30/03/2025,13:00,02
30/03/2025,14:00,06
30/03/2025,15:00,31
30/03/2025,16:00,16
30/03/2025,17:00,21
30/03/2025,18:00,15
30/03/2025,19:00,08
31/03/2025,08:00,17
31/03/2025,09:00,32
31/03/2025,10:00,07
31/03/2025,11:00,36
31/03/2025,12:00,25
31/03/2025,13:00,0
31/03/2025,14:00,26
31/03/2025,15:00,16
31/03/2025,16:00,00
31/03/2025,17:00,05
31/03/2025,18:00,15
31/03/2025,19:00,12
01/04/2025,08:00,09
01/04/2025,09:00,12
01/04/2025,10:00,33
01/04/2025,11:00,19
01/04/2025,12:00,17
01/04/2025,13:00,18
01/04/2025,14:00,11
01/04/2025,15:00,08
01/04/2025,16:00,02
01/04/2025,17:00,20
01/04/2025,18:00,14
01/04/2025,19:00,32
02/04/2025,08:00,29
02/04/2025,09:00,25
02/04/2025,10:00,32
02/04/2025,11:00,05
02/04/2025,12:00,21
02/04/2025,13:00,36
02/04/2025,14:00,14
02/04/2025,15:00,34
02/04/2025,16:00,33
02/04/2025,17:00,24
02/04/2025,18:00,01
02/04/2025,19:00,11
03/04/2025,08:00,22
03/04/2025,09:00,00
03/04/2025,10:00,24
03/04/2025,11:00,09
03/04/2025,12:00,01
03/04/2025,13:00,28
03/04/2025,14:00,08
03/04/2025,15:00,0
03/04/2025,16:00,25
03/04/2025,17:00,02
03/04/2025,18:00,23
03/04/2025,19:00,17
04/04/2025,08:00,33
04/04/2025,09:00,19
04/04/2025,10:00,30
04/04/2025,11:00,01
04/04/2025,12:00,29
04/04/2025,13:00,02
04/04/2025,14:00,34
04/04/2025,15:00,10
04/04/2025,16:00,00
04/04/2025,17:00,07
04/04/2025,18:00,12
05/04/2025,08:00,25
05/04/2025,09:00,12
05/04/2025,10:00,17
05/04/2025,11:00,31
05/04/2025,12:00,24
05/04/2025,13:00,31
05/04/2025,14:00,22
05/04/2025,15:00,06
05/04/2025,16:00,03
05/04/2025,17:00,08
05/04/2025,18:00,07
05/04/2025,19:00,29
06/04/2025,08:00,18
06/04/2025,09:00,30
06/04/2025,10:00,27
06/04/2025,11:00,35
06/04/2025,12:00,18
06/04/2025,13:00,00
06/04/2025,14:00,10
06/04/2025,15:00,29
06/04/2025,16:00,33
06/04/2025,17:00,31
06/04/2025,18:00,09
06/04/2025,19:00,27
07/04/2025,08:00,04
07/04/2025,09:00,31
07/04/2025,10:00,17
07/04/2025,11:00,02
07/04/2025,12:00,18
07/04/2025,13:00,27
07/04/2025,14:00,36
07/04/2025,15:00,00
07/04/2025,16:00,21
07/04/2025,17:00,30
07/04/2025,18:00,13
07/04/2025,19:00,30
08/04/2025,08:00,12
08/04/2025,09:00,14
08/04/2025,10:00,01
08/04/2025,11:00,06
08/04/2025,12:00,00
08/04/2025,13:00,17
08/04/2025,14:00,25
08/04/2025,15:00,18
08/04/2025,16:00,29
08/04/2025,17:00,30
08/04/2025,18:00,10
08/04/2025,19:00,36
09/04/2025,08:00,31
09/04/2025,09:00,15
09/04/2025,10:00,0
09/04/2025,11:00,34
09/04/2025,12:00,0
09/04/2025,13:00,32
09/04/2025,14:00,07
09/04/2025,15:00,27
09/04/2025,16:00,12
09/04/2025,17:00,16
09/04/2025,18:00,10
10/04/2025,08:00,06
10/04/2025,09:00,17
10/04/2025,10:00,28
10/04/2025,11:00,34
10/04/2025,12:00,36
10/04/2025,13:00,12
10/04/2025,14:00,15
10/04/2025,15:00,29
10/04/2025,16:00,01
10/04/2025,17:00,04
10/04/2025,18:00,15
10/04/2025,19:00,02
11/04/2025,08:00,16
11/04/2025,09:00,34
11/04/2025,10:00,18
11/04/2025,11:00,08
11/04/2025,12:00,17
11/04/2025,13:00,04
11/04/2025,14:00,05
11/04/2025,15:00,36
11/04/2025,16:00,20
11/04/2025,17:00,21
11/04/2025,18:00,27
11/04/2025,19:00,27
12/04/2025,08:00,01
12/04/2025,09:00,00
12/04/2025,10:00,07
12/04/2025,11:00,34
12/04/2025,12:00,06
12/04/2025,13:00,19
12/04/2025,14:00,15
12/04/2025,15:00,02
12/04/2025,16:00,32
12/04/2025,17:00,03
12/04/2025,18:00,13
12/04/2025,19:00,08
13/04/2025,08:00,08
13/04/2025,09:00,01
13/04/2025,10:00,18
13/04/2025,11:00,19
13/04/2025,12:00,01
13/04/2025,13:00,27
13/04/2025,14:00,16
13/04/2025,15:00,06
13/04/2025,16:00,12
13/04/2025,17:00,33
13/04/2025,18:00,02
13/04/2025,19:00,30
14/04/2025,08:00,34
14/04/2025,09:00,01
14/04/2025,10:00,03
14/04/2025,11:00,09
14/04/2025,12:00,31
14/04/2025,13:00,11
14/04/2025,14:00,17
14/04/2025,15:00,10
14/04/2025,16:00,06
14/04/2025,17:00,25
14/04/2025,18:00,09
14/04/2025,19:00,32
15/04/2025,08:00,16
15/04/2025,09:00,0
15/04/2025,10:00,08
15/04/2025,11:00,31
15/04/2025,12:00,35
15/04/2025,13:00,02
15/04/2025,14:00,30
15/04/2025,15:00,09
15/04/2025,16:00,00
15/04/2025,17:00,13
15/04/2025,18:00,34
15/04/2025,19:00,07
16/04/2025,08:00,22
16/04/2025,09:00,08
16/04/2025,10:00,17
16/04/2025,11:00,10
16/04/2025,12:00,15
16/04/2025,13:00,22
16/04/2025,14:00,14
16/04/2025,15:00,36
16/04/2025,16:00,25
16/04/2025,17:00,01
16/04/2025,18:00,17
16/04/2025,19:00,04
17/04/2025,08:00,13
17/04/2025,09:00,06
17/04/2025,10:00,0
17/04/2025,11:00,04
17/04/2025,12:00,21
17/04/2025,13:00,16
17/04/2025,14:00,35
17/04/2025,15:00,25
17/04/2025,16:00,11
17/04/2025,17:00,07
17/04/2025,18:00,29
17/04/2025,19:00,10
18/04/2025,08:00,34
18/04/2025,09:00,29
18/04/2025,10:00,20
18/04/2025,11:00,02
18/04/2025,12:00,13
18/04/2025,13:00,15
18/04/2025,14:00,11
18/04/2025,15:00,10
18/04/2025,16:00,14
18/04/2025,17:00,22
18/04/2025,18:00,0
18/04/2025,19:00,21
19/04/2025,08:00,09
19/04/2025,09:00,29
19/04/2025,10:00,31
19/04/2025,11:00,30
19/04/2025,12:00,09
19/04/2025,13:00,00
19/04/2025,14:00,16
19/04/2025,15:00,27
19/04/2025,16:00,01
19/04/2025,17:00,22
19/04/2025,18:00,13
19/04/2025,19:00,02
20/04/2025,08:00,05
20/04/2025,09:00,31
20/04/2025,10:00,22
20/04/2025,11:00,05
20/04/2025,12:00,13
20/04/2025,13:00,16
20/04/2025,14:00,27
20/04/2025,15:00,06
20/04/2025,16:00,32
20/04/2025,17:00,18
20/04/2025,18:00,35
20/04/2025,19:00,12
21/04/2025,08:00,19
21/04/2025,09:00,0
21/04/2025,10:00,34
21/04/2025,11:00,24
21/04/2025,12:00,16
21/04/2025,13:00,02
21/04/2025,14:00,25
21/04/2025,16:00,22
21/04/2025,17:00,20
21/04/2025,18:00,05
21/04/2025,19:00,22
22/04/2025,08:00,32
22/04/2025,09:00,06
22/04/2025,10:00,0
22/04/2025,11:00,14
22/04/2025,12:00,08
22/04/2025,13:00,30
22/04/2025,14:00,11
22/04/2025,15:00,09
22/04/2025,16:00,16
22/04/2025,17:00,34
22/04/2025,18:00,25
22/04/2025,19:00,02
23/04/2025,08:00,03
23/04/2025,09:00,16
23/04/2025,10:00,05
23/04/2025,11:00,06
23/04/2025,12:00,10
23/04/2025,13:00,08
23/04/2025,14:00,04
23/04/2025,15:00,32
23/04/2025,16:00,15
23/04/2025,17:00,30
23/04/2025,18:00,15
23/04/2025,19:00,14
24/04/2025,08:00,24
24/04/2025,09:00,35
24/04/2025,10:00,03
24/04/2025,11:00,11
24/04/2025,12:00,31
24/04/2025,13:00,12
24/04/2025,14:00,10
24/04/2025,15:00,26
24/04/2025,16:00,36
24/04/2025,17:00,22
24/04/2025,18:00,15
24/04/2025,19:00,0
25/04/2025,08:00,02
25/04/2025,09:00,05
25/04/2025,10:00,16
25/04/2025,11:00,0
25/04/2025,12:00,21
25/04/2025,13:00,30
25/04/2025,14:00,31
25/04/2025,15:00,29
25/04/2025,16:00,35
25/04/2025,17:00,19
25/04/2025,18:00,24
25/04/2025,19:00,22
26/04/2025,08:00,14
26/04/2025,09:00,22
26/04/2025,10:00,01
26/04/2025,11:00,24
26/04/2025,12:00,27
26/04/2025,13:00,02
26/04/2025,14:00,35
26/04/2025,15:00,07
26/04/2025,16:00,01
26/04/2025,17:00,04
26/04/2025,18:00,12
26/04/2025,19:00,07
27/04/2025,08:00,25
27/04/2025,09:00,31
27/04/2025,10:00,05
27/04/2025,11:00,31
27/04/2025,12:00,10
27/04/2025,13:00,13
27/04/2025,14:00,07
27/04/2025,15:00,24
27/04/2025,16:00,26
27/04/2025,17:00,08
27/04/2025,18:00,35
27/04/2025,19:00,24
28/04/2025,08:00,04
28/04/2025,09:00,14
28/04/2025,10:00,18
28/04/2025,11:00,35
28/04/2025,12:00,02
28/04/2025,13:00,06
28/04/2025,14:00,15
28/04/2025,15:00,09
28/04/2025,16:00,06
28/04/2025,17:00,19
28/04/2025,18:00,12
28/04/2025,19:00,10
29/04/2025,08:00,4
29/04/2025,09:00,31
29/04/2025,10:00,24
29/04/2025,11:00,29
29/04/2025,12:00,15
29/04/2025,13:00,0
29/04/2025,14:00,13
29/04/2025,15:00,19
29/04/2025,16:00,18
29/04/2025,17:00,0
29/04/2025,18:00,28
29/04/2025,19:00,28
30/04/2025,08:00,29
30/04/2025,09:00,35
30/04/2025,10:00,22
30/04/2025,11:00,0
30/04/2025,12:00,3
30/04/2025,13:00,31
30/04/2025,14:00,26
30/04/2025,15:00,33
30/04/2025,16:00,21
30/04/2025,17:00,8
30/04/2025,18:00,19
30/04/2025,19:00,19
01/05/2025,08:00,28
01/05/2025,09:00,6
01/05/2025,10:00,22
01/05/2025,11:00,9
01/05/2025,12:00,25
01/05/2025,13:00,35
01/05/2025,14:00,00
01/05/2025,15:00,36
01/05/2025,16:00,20
01/05/2025,17:00,13
01/05/2025,18:00,20
01/05/2025,19:00,27
02/05/2025,08:00,34
02/05/2025,09:00,32
02/05/2025,10:00,9
02/05/2025,11:00,21
02/05/2025,12:00,14
02/05/2025,13:00,29
02/05/2025,14:00,20
02/05/2025,15:00,16
02/05/2025,16:00,35
02/05/2025,17:00,24
02/05/2025,18:00,28
02/05/2025,19:00,13
03/05/2025,08:00,26
03/05/2025,09:00,21
03/05/2025,10:00,11
03/05/2025,11:00,24
03/05/2025,12:00,15
03/05/2025,13:00,16
03/05/2025,14:00,20
03/05/2025,15:00,12
03/05/2025,16:00,34
03/05/2025,17:00,00
03/05/2025,18:00,10
03/05/2025,19:00,35
04/05/2025,08:00,34
04/05/2025,09:00,16
04/05/2025,10:00,10
04/05/2025,11:00,34
04/05/2025,12:00,19
04/05/2025,13:00,13
04/05/2025,14:00,14
04/05/2025,15:00,31
04/05/2025,16:00,9
04/05/2025,17:00,1
04/05/2025,18:00,32
04/05/2025,19:00,0
05/05/2025,08:00,36
05/05/2025,09:00,4
05/05/2025,10:00,17
05/05/2025,11:00,00
05/05/2025,12:00,15
05/05/2025,13:00,35
05/05/2025,14:00,35
05/05/2025,15:00,7
05/05/2025,16:00,0
05/05/2025,17:00,8
05/05/2025,18:00,20
05/05/2025,19:00,21
06/05/2025,08:00,22
06/05/2025,09:00,16
06/05/2025,10:00,4
06/05/2025,11:00,26
06/05/2025,12:00,9
06/05/2025,13:00,25
06/05/2025,14:00,32
06/05/2025,15:00,10
06/05/2025,16:00,27
06/05/2025,17:00,12
06/05/2025,18:00,20
06/05/2025,19:00,00
07/05/2025,08:00,3
07/05/2025,09:00,12
07/05/2025,10:00,1
07/05/2025,11:00,28
07/05/2025,12:00,00
07/05/2025,13:00,24
07/05/2025,14:00,16
07/05/2025,15:00,14
07/05/2025,16:00,6
07/05/2025,17:00,27
07/05/2025,18:00,25
07/05/2025,19:00,35
08/05/2025,08:00,29
08/05/2025,09:00,3
08/05/2025,10:00,20
08/05/2025,11:00,25
08/05/2025,12:00,13
08/05/2025,13:00,28
08/05/2025,14:00,10
08/05/2025,15:00,24
08/05/2025,16:00,23
08/05/2025,17:00,19
08/05/2025,18:00,26
08/05/2025,19:00,20
09/05/2025,08:00,35
09/05/2025,09:00,13
09/05/2025,10:00,16
09/05/2025,11:00,28
09/05/2025,12:00,15
09/05/2025,13:00,8
09/05/2025,14:00,20
09/05/2025,15:00,26
09/05/2025,16:00,3
09/05/2025,17:00,4
09/05/2025,18:00,8
09/05/2025,19:00,23
10/05/2025,08:00,16
10/05/2025,09:00,30
10/05/2025,10:00,25
10/05/2025,11:00,34
10/05/2025,12:00,22
10/05/2025,13:00,8
10/05/2025,14:00,7
10/05/2025,15:00,4
10/05/2025,16:00,13
10/05/2025,17:00,6
10/05/2025,18:00,00
10/05/2025,19:00,9
11/05/2025,08:00,24
11/05/2025,09:00,19
11/05/2025,10:00,16
11/05/2025,11:00,00
11/05/2025,12:00,21
11/05/2025,13:00,27
11/05/2025,14:00,22
11/05/2025,15:00,32
11/05/2025,16:00,36
11/05/2025,17:00,3
11/05/2025,18:00,20
11/05/2025,19:00,21
12/05/2025,08:00,34
12/05/2025,09:00,19
12/05/2025,10:00,0
12/05/2025,11:00,30
12/05/2025,12:00,14
12/05/2025,13:00,28
12/05/2025,14:00,21
12/05/2025,15:00,23
12/05/2025,16:00,11
12/05/2025,17:00,19
12/05/2025,18:00,32
12/05/2025,19:00,26
13/05/2025,08:00,36
13/05/2025,09:00,3
13/05/2025,10:00,31
13/05/2025,11:00,34
13/05/2025,12:00,4
13/05/2025,13:00,24
13/05/2025,14:00,8
13/05/2025,15:00,25
13/05/2025,16:00,14
13/05/2025,17:00,24
13/05/2025,18:00,00
13/05/2025,19:00,23
14/05/2025,08:00,23
14/05/2025,09:00,31
14/05/2025,10:00,9
14/05/2025,11:00,19
14/05/2025,12:00,35
14/05/2025,13:00,2
14/05/2025,14:00,20
14/05/2025,15:00,12
14/05/2025,16:00,32
14/05/2025,17:00,00
14/05/2025,18:00,1
14/05/2025,19:00,0
15/05/2025,08:00,17
15/05/2025,09:00,24
15/05/2025,10:00,20
15/05/2025,11:00,19
15/05/2025,12:00,36
15/05/2025,13:00,27
15/05/2025,14:00,7
15/05/2025,15:00,3
15/05/2025,16:00,33
15/05/2025,17:00,5
15/05/2025,18:00,35
15/05/2025,19:00,32
16/05/2025,08:00,14
16/05/2025,09:00,24
16/05/2025,10:00,24
16/05/2025,11:00,7
16/05/2025,12:00,12
16/05/2025,13:00,9
16/05/2025,14:00,4
16/05/2025,15:00,20
16/05/2025,16:00,0
16/05/2025,17:00,32
16/05/2025,18:00,29
16/05/2025,19:00,19
17/05/2025,08:00,10
17/05/2025,09:00,29
17/05/2025,10:00,3
17/05/2025,11:00,0
17/05/2025,12:00,15
17/05/2025,13:00,24
17/05/2025,14:00,16
17/05/2025,15:00,19
17/05/2025,16:00,8
17/05/2025,17:00,21
17/05/2025,18:00,7
17/05/2025,19:00,21
18/05/2025,08:00,36
18/05/2025,09:00,14
18/05/2025,10:00,16
18/05/2025,11:00,17
18/05/2025,12:00,29
18/05/2025,13:00,22
18/05/2025,14:00,7
18/05/2025,15:00,30
18/05/2025,16:00,24
18/05/2025,17:00,32
18/05/2025,18:00,16
18/05/2025,19:00,11
19/05/2025,08:00,31
19/05/2025,09:00,1
19/05/2025,10:00,7
19/05/2025,11:00,4
19/05/2025,12:00,29
19/05/2025,13:00,6
19/05/2025,14:00,14
19/05/2025,15:00,33
19/05/2025,16:00,23
19/05/2025,17:00,4
19/05/2025,18:00,24
19/05/2025,19:00,16
20/05/2025,08:00,10
20/05/2025,09:00,9
20/05/2025,10:00,30
20/05/2025,11:00,16
20/05/2025,12:00,18
20/05/2025,13:00,7
20/05/2025,14:00,21
20/05/2025,15:00,1
20/05/2025,16:00,33
20/05/2025,17:00,15
20/05/2025,18:00,35
20/05/2025,19:00,0
21/05/2025,08:00,23
21/05/2025,09:00,0
21/05/2025,10:00,22
21/05/2025,11:00,9
21/05/2025,12:00,24
21/05/2025,13:00,10
21/05/2025,14:00,29
21/05/2025,15:00,6
21/05/2025,16:00,15
21/05/2025,17:00,20
21/05/2025,18:00,15
21/05/2025,19:00,7
22/05/2025,08:00,35
22/05/2025,09:00,1
22/05/2025,10:00,9
22/05/2025,11:00,17
22/05/2025,12:00,32
22/05/2025,13:00,2
22/05/2025,14:00,36
22/05/2025,15:00,10
22/05/2025,16:00,21
22/05/2025,17:00,26
22/05/2025,18:00,16
22/05/2025,19:00,10
23/05/2025,08:00,29
23/05/2025,09:00,00
23/05/2025,10:00,21
23/05/2025,11:00,36
23/05/2025,12:00,31
23/05/2025,13:00,35
23/05/2025,14:00,30
23/05/2025,15:00,26
23/05/2025,16:00,19
23/05/2025,17:00,00
23/05/2025,18:00,16
23/05/2025,19:00,14
24/05/2025,09:00,9
24/05/2025,10:00,6
24/05/2025,11:00,00
24/05/2025,12:00,23
24/05/2025,13:00,20
24/05/2025,14:00,11
24/05/2025,15:00,26
24/05/2025,16:00,7
24/05/2025,17:00,31
24/05/2025,18:00,16
24/05/2025,19:00,3
26/05/2025,08:00,10
26/05/2025,09:00,15
26/05/2025,10:00,5
26/05/2025,11:00,34
26/05/2025,12:00,17
26/05/2025,13:00,00
26/05/2025,14:00,23
26/05/2025,15:00,9
26/05/2025,16:00,12
26/05/2025,17:00,4
26/05/2025,18:00,36
26/05/2025,19:00,28
27/05/2025,08:00,35
27/05/2025,09:00,10
27/05/2025,10:00,33
27/05/2025,11:00,00
27/05/2025,12:00,4
27/05/2025,13:00,22
27/05/2025,14:00,34
27/05/2025,15:00,14
27/05/2025,16:00,23
27/05/2025,17:00,11
27/05/2025,18:00,20
27/05/2025,19:00,23
28/05/2025,08:00,16
28/05/2025,09:00,15
28/05/2025,10:00,17
28/05/2025,11:00,0
28/05/2025,12:00,11
28/05/2025,13:00,7
28/05/2025,14:00,23
28/05/2025,15:00,25
28/05/2025,16:00,36
28/05/2025,17:00,33
28/05/2025,18:00,33
28/05/2025,19:00,31
29/05/2025,08:00,35
29/05/2025,09:00,33
29/05/2025,10:00,32
29/05/2025,11:00,21
29/05/2025,12:00,36
29/05/2025,13:00,5
29/05/2025,14:00,19
29/05/2025,15:00,13
29/05/2025,16:00,14
29/05/2025,17:00,22
29/05/2025,18:00,35
29/05/2025,19:00,26
30/05/2025,08:00,23
30/05/2025,09:00,36
30/05/2025,10:00,34
30/05/2025,11:00,24
30/05/2025,12:00,5
30/05/2025,13:00,33
30/05/2025,14:00,29
30/05/2025,15:00,14
30/05/2025,16:00,2
30/05/2025,17:00,20
30/05/2025,18:00,15
30/05/2025,19:00,9
31/05/2025,08:00,26
31/05/2025,09:00,33
31/05/2025,10:00,1
31/05/2025,11:00,8
31/05/2025,12:00,24
31/05/2025,13:00,23
31/05/2025,14:00,3
31/05/2025,15:00,10
31/05/2025,16:00,22
31/05/2025,17:00,21
31/05/2025,18:00,2
31/05/2025,19:00,15
01/06/2025,08:00,30
01/06/2025,09:00,18
01/06/2025,10:00,33
01/06/2025,11:00,12
01/06/2025,12:00,09
01/06/2025,13:00,25
01/06/2025,14:00,19
01/06/2025,15:00,33
01/06/2025,16:00,29
01/06/2025,17:00,01
01/06/2025,18:00,36
01/06/2025,19:00,25
02/06/2025,08:00,34
02/06/2025,09:00,02
02/06/2025,10:00,33
02/06/2025,11:00,07
02/06/2025,12:00,35
02/06/2025,13:00,23
02/06/2025,14:00,22
02/06/2025,15:00,30
02/06/2025,16:00,36
02/06/2025,17:00,16
02/06/2025,18:00,18
02/06/2025,19:00,02
03/06/2025,08:00,05
03/06/2025,09:00,24
03/06/2025,10:00,26
03/06/2025,11:00,22
03/06/2025,12:00,0
03/06/2025,13:00,04
03/06/2025,14:00,14
03/06/2025,15:00,36
03/06/2025,16:00,02
03/06/2025,17:00,30
03/06/2025,18:00,08
03/06/2025,19:00,08
04/06/2025,08:00,32
04/06/2025,09:00,17
04/06/2025,10:00,02
04/06/2025,11:00,10
04/06/2025,12:00,30
04/06/2025,13:00,16
04/06/2025,14:00,27
04/06/2025,15:00,21
04/06/2025,16:00,01
04/06/2025,17:00,25
04/06/2025,18:00,14
04/06/2025,19:00,32
05/06/2025,08:00,00
05/06/2025,09:00,23
05/06/2025,10:00,34
05/06/2025,11:00,11
05/06/2025,12:00,33
05/06/2025,13:00,29
05/06/2025,14:00,18
05/06/2025,15:00,05
05/06/2025,16:00,30
05/06/2025,17:00,26
05/06/2025,18:00,25
05/06/2025,19:00,17
06/06/2025,08:00,32
06/06/2025,09:00,25
06/06/2025,10:00,33
06/06/2025,11:00,07
06/06/2025,12:00,29
06/06/2025,13:00,28
06/06/2025,14:00,12
06/06/2025,15:00,05
06/06/2025,16:00,36
06/06/2025,17:00,17
06/06/2025,18:00,10
06/06/2025,19:00,00
07/06/2025,08:00,08
07/06/2025,09:00,28
07/06/2025,10:00,30
07/06/2025,11:00,15
07/06/2025,12:00,17
07/06/2025,13:00,04
07/06/2025,14:00,00
07/06/2025,15:00,19
07/06/2025,16:00,07
07/06/2025,17:00,18
07/06/2025,18:00,19
07/06/2025,19:00,25
08/06/2025,08:00,05
08/06/2025,09:00,02
08/06/2025,10:00,22
08/06/2025,11:00,28
08/06/2025,12:00,02
08/06/2025,13:00,28
08/06/2025,14:00,02
08/06/2025,15:00,20
08/06/2025,16:00,26
08/06/2025,17:00,06
08/06/2025,18:00,18
08/06/2025,19:00,31
09/06/2025,08:00,34
09/06/2025,09:00,24
09/06/2025,10:00,35
09/06/2025,11:00,19
09/06/2025,12:00,11
09/06/2025,13:00,08
09/06/2025,14:00,13
09/06/2025,15:00,33
09/06/2025,16:00,14
09/06/2025,17:00,10
09/06/2025,18:00,17
09/06/2025,19:00,03
10/06/2025,08:00,28
10/06/2025,09:00,33
10/06/2025,10:00,32
10/06/2025,11:00,36
10/06/2025,12:00,19
10/06/2025,13:00,14
10/06/2025,14:00,26
10/06/2025,15:00,05
10/06/2025,16:00,27
10/06/2025,17:00,08
10/06/2025,18:00,35
10/06/2025,19:00,17
11/06/2025,08:00,23
11/06/2025,09:00,08
11/06/2025,10:00,07
11/06/2025,11:00,26
11/06/2025,12:00,02
11/06/2025,13:00,19
11/06/2025,14:00,15
11/06/2025,15:00,05
11/06/2025,16:00,13
11/06/2025,17:00,3
11/06/2025,18:00,34
11/06/2025,19:00,28
12/06/2025,08:00,25
12/06/2025,09:00,06
12/06/2025,10:00,02
12/06/2025,11:00,08
12/06/2025,12:00,24
12/06/2025,13:00,31
12/06/2025,14:00,3
12/06/2025,15:00,23
12/06/2025,16:00,35
12/06/2025,17:00,34
12/06/2025,18:00,36
12/06/2025,19:00,15
13/06/2025,08:00,11
13/06/2025,09:00,35
13/06/2025,10:00,13
13/06/2025,11:00,34
13/06/2025,12:00,31
13/06/2025,13:00,28
13/06/2025,14:00,06
13/06/2025,15:00,0
13/06/2025,16:00,05
13/06/2025,17:00,25
13/06/2025,18:00,07
13/06/2025,19:00,02
14/06/2025,08:00,07
14/06/2025,09:00,17
14/06/2025,10:00,3
14/06/2025,11:00,08
14/06/2025,12:00,23
14/06/2025,13:00,25
14/06/2025,14:00,31
14/06/2025,15:00,06
14/06/2025,16:00,12
14/06/2025,17:00,14
14/06/2025,18:00,21
14/06/2025,19:00,32
15/06/2025,08:00,24
15/06/2025,09:00,13
15/06/2025,10:00,26
15/06/2025,11:00,11
15/06/2025,12:00,06
15/06/2025,13:00,04
15/06/2025,14:00,33
15/06/2025,15:00,01
15/06/2025,16:00,20
15/06/2025,17:00,31
15/06/2025,18:00,10
15/06/2025,19:00,28
16/06/2025,08:00,19
16/06/2025,09:00,25
16/06/2025,10:00,05
16/06/2025,11:00,23
16/06/2025,12:00,30
16/06/2025,13:00,07
16/06/2025,14:00,28
16/06/2025,15:00,18
16/06/2025,16:00,31
16/06/2025,17:00,12
16/06/2025,18:00,11
16/06/2025,19:00,35
17/06/2025,08:00,04
17/06/2025,09:00,28
17/06/2025,10:00,03
17/06/2025,11:00,21
17/06/2025,12:00,35
17/06/2025,13:00,33
17/06/2025,14:00,15
17/06/2025,15:00,02
17/06/2025,16:00,23
17/06/2025,17:00,29
17/06/2025,18:00,10
17/06/2025,19:00,21
18/06/2025,08:00,32
18/06/2025,09:00,30
18/06/2025,10:00,23
18/06/2025,11:00,36
18/06/2025,12:00,04
18/06/2025,13:00,18
18/06/2025,14:00,31
18/06/2025,15:00,19
18/06/2025,16:00,02
18/06/2025,17:00,17
18/06/2025,18:00,11
18/06/2025,19:00,03
19/06/2025,08:00,01
19/06/2025,09:00,17
19/06/2025,10:00,15
19/06/2025,11:00,06
19/06/2025,12:00,29
19/06/2025,13:00,18
19/06/2025,14:00,34
19/06/2025,15:00,0
19/06/2025,16:00,22
19/06/2025,17:00,08
19/06/2025,18:00,29
19/06/2025,19:00,33
20/06/2025,08:00,14
20/06/2025,09:00,23
20/06/2025,10:00,02
20/06/2025,11:00,05
20/06/2025,12:00,04
20/06/2025,13:00,13
20/06/2025,14:00,28
20/06/2025,15:00,29
20/06/2025,16:00,27
20/06/2025,17:00,0
20/06/2025,18:00,15
20/06/2025,19:00,22
21/06/2025,08:00,31
21/06/2025,09:00,33
21/06/2025,10:00,01
21/06/2025,11:00,18
21/06/2025,12:00,36
21/06/2025,13:00,0
21/06/2025,14:00,35
21/06/2025,15:00,10
21/06/2025,16:00,23
21/06/2025,17:00,11
21/06/2025,18:00,33
21/06/2025,19:00,21
22/06/2025,08:00,08
22/06/2025,09:00,15
22/06/2025,10:00,18
22/06/2025,11:00,25
22/06/2025,12:00,35
22/06/2025,13:00,04
22/06/2025,14:00,30
22/06/2025,15:00,01
22/06/2025,16:00,28
22/06/2025,17:00,36
22/06/2025,18:00,14
22/06/2025,19:00,13
23/06/2025,08:00,06
23/06/2025,09:00,05
23/06/2025,10:00,32
23/06/2025,11:00,33
23/06/2025,12:00,0
23/06/2025,13:00,12
23/06/2025,14:00,19
23/06/2025,15:00,08
23/06/2025,16:00,00
23/06/2025,17:00,13
23/06/2025,18:00,30
23/06/2025,19:00,25
24/06/2025,08:00,23
24/06/2025,09:00,15
24/06/2025,10:00,31
24/06/2025,11:00,0
24/06/2025,12:00,16
24/06/2025,13:00,10
24/06/2025,14:00,08
24/06/2025,15:00,17
24/06/2025,16:00,05
24/06/2025,17:00,22
24/06/2025,18:00,06
24/06/2025,19:00,27
25/06/2025,08:00,12
25/06/2025,09:00,01
25/06/2025,10:00,05
25/06/2025,11:00,04
25/06/2025,12:00,25
25/06/2025,13:00,23
25/06/2025,14:00,07
25/06/2025,15:00,19
25/06/2025,16:00,03
25/06/2025,17:00,09
25/06/2025,18:00,30
25/06/2025,19:00,13
26/06/2025,08:00,22
26/06/2025,09:00,0
26/06/2025,10:00,08
26/06/2025,11:00,18
26/06/2025,12:00,02
26/06/2025,13:00,25
26/06/2025,14:00,32
26/06/2025,15:00,19
26/06/2025,16:00,27
26/06/2025,17:00,04
26/06/2025,18:00,21
26/06/2025,19:00,19
27/06/2025,08:00,23
27/06/2025,09:00,01
27/06/2025,10:00,32
27/06/2025,11:00,34
27/06/2025,12:00,25
27/06/2025,13:00,13
27/06/2025,14:00,28
27/06/2025,15:00,12
27/06/2025,16:00,08
27/06/2025,17:00,33
27/06/2025,18:00,17
27/06/2025,19:00,30
28/06/2025,08:00,22
28/06/2025,09:00,16
28/06/2025,10:00,34
28/06/2025,11:00,02
28/06/2025,12:00,11
28/06/2025,13:00,32
28/06/2025,14:00,10
28/06/2025,15:00,30
28/06/2025,16:00,14
28/06/2025,17:00,01
28/06/2025,18:00,04
28/06/2025,19:00,33
29/06/2025,08:00,05
29/06/2025,09:00,01
29/06/2025,10:00,13
29/06/2025,11:00,15
29/06/2025,12:00,32
29/06/2025,13:00,03
29/06/2025,14:00,06
29/06/2025,15:00,16
29/06/2025,16:00,21
29/06/2025,17:00,02
29/06/2025,18:00,31
29/06/2025,19:00,06
30/06/2025,08:00,35
30/06/2025,09:00,25
30/06/2025,10:00,22
30/06/2025,11:00,01
30/06/2025,12:00,26
30/06/2025,13:00,17
30/06/2025,14:00,0
30/06/2025,15:00,11
30/06/2025,16:00,34
30/06/2025,17:00,03
30/06/2025,18:00,34
30/06/2025,19:00,13
01/07/2025,08:00,21
01/07/2025,09:00,25
01/07/2025,10:00,6
01/07/2025,11:00,27
01/07/2025,12:00,22
01/07/2025,13:00,24
01/07/2025,14:00,1
01/07/2025,15:00,29
01/07/2025,16:00,18
01/07/2025,17:00,32
01/07/2025,18:00,5
01/07/2025,19:00,4
02/07/2025,08:00,21
02/07/2025,09:00,25
02/07/2025,10:00,6
02/07/2025,11:00,27
02/07/2025,12:00,22
02/07/2025,13:00,24
02/07/2025,14:00,1
02/07/2025,15:00,29
02/07/2025,16:00,18
02/07/2025,17:00,32
02/07/2025,18:00,5
02/07/2025,19:00,4
03/07/2025,08:00,1
03/07/2025,09:00,32
03/07/2025,10:00,12
03/07/2025,11:00,11
03/07/2025,12:00,19
03/07/2025,13:00,14
03/07/2025,14:00,6
03/07/2025,15:00,17
03/07/2025,16:00,25
03/07/2025,17:00,4
03/07/2025,18:00,12
03/07/2025,19:00,0
04/07/2025,08:00,0
04/07/2025,09:00,15
04/07/2025,10:00,18
04/07/2025,11:00,16
04/07/2025,12:00,26
04/07/2025,13:00,3
04/07/2025,14:00,13
04/07/2025,15:00,29
04/07/2025,16:00,9
04/07/2025,17:00,16
04/07/2025,18:00,28
04/07/2025,19:00,25
05/07/2025,08:00,12
05/07/2025,09:00,33
05/07/2025,10:00,24
05/07/2025,11:00,3
05/07/2025,12:00,31
05/07/2025,13:00,0
05/07/2025,14:00,10
05/07/2025,15:00,28
05/07/2025,16:00,6
05/07/2025,17:00,4
05/07/2025,18:00,7
05/07/2025,19:00,29
06/07/2025,08:00,17
06/07/2025,09:00,11
06/07/2025,10:00,24
06/07/2025,11:00,2
06/07/2025,12:00,8
06/07/2025,13:00,10
06/07/2025,14:00,6
06/07/2025,15:00,1
06/07/2025,16:00,23
06/07/2025,17:00,34
06/07/2025,18:00,16
06/07/2025,19:00,15
07/07/2025,08:00,4
07/07/2025,09:00,33
07/07/2025,10:00,18
07/07/2025,11:00,26
07/07/2025,12:00,0
07/07/2025,13:00,31
07/07/2025,14:00,16
07/07/2025,15:00,0
07/07/2025,16:00,30
07/07/2025,17:00,12
07/07/2025,18:00,13
07/07/2025,19:00,29
08/07/2025,08:00,13
08/07/2025,09:00,20
08/07/2025,10:00,4
08/07/2025,11:00,1
08/07/2025,12:00,16
08/07/2025,13:00,14
08/07/2025,14:00,12
08/07/2025,15:00,9
08/07/2025,16:00,30
08/07/2025,17:00,11
08/07/2025,18:00,0
08/07/2025,19:00,30
09/07/2025,08:00,26
09/07/2025,09:00,23
09/07/2025,10:00,0
09/07/2025,11:00,21
09/07/2025,12:00,14
09/07/2025,13:00,27
09/07/2025,14:00,3
09/07/2025,15:00,32
09/07/2025,16:00,6
09/07/2025,17:00,24
09/07/2025,18:00,3
09/07/2025,19:00,31
10/07/2025,08:00,4
10/07/2025,09:00,27
10/07/2025,10:00,18
10/07/2025,11:00,0
10/07/2025,12:00,33
10/07/2025,13:00,29
10/07/2025,14:00,21
10/07/2025,15:00,10
10/07/2025,16:00,24
10/07/2025,17:00,8
10/07/2025,18:00,31
10/07/2025,19:00,26
11/07/2025,08:00,34
11/07/2025,09:00,1
11/07/2025,10:00,29
11/07/2025,11:00,24
11/07/2025,12:00,0
11/07/2025,13:00,23
11/07/2025,14:00,11
11/07/2025,15:00,4
11/07/2025,16:00,31
11/07/2025,17:00,9
11/07/2025,18:00,33
11/07/2025,19:00,10
12/07/2025,08:00,22
12/07/2025,09:00,10
12/07/2025,10:00,18
12/07/2025,11:00,4
12/07/2025,12:00,6
12/07/2025,13:00,26
12/07/2025,14:00,21
12/07/2025,15:00,28
12/07/2025,16:00,27
12/07/2025,17:00,30
12/07/2025,18:00,35
12/07/2025,19:00,6
13/07/2025,08:00,1
13/07/2025,09:00,14
13/07/2025,10:00,22
13/07/2025,11:00,9
13/07/2025,12:00,26
13/07/2025,13:00,8
13/07/2025,14:00,13
13/07/2025,15:00,33
13/07/2025,16:00,23
13/07/2025,17:00,14
13/07/2025,18:00,25
13/07/2025,19:00,31
14/07/2025,08:00,29
14/07/2025,09:00,18
14/07/2025,10:00,19
14/07/2025,11:00,31
14/07/2025,12:00,15
14/07/2025,13:00,1
14/07/2025,14:00,17
14/07/2025,15:00,9
14/07/2025,16:00,3
14/07/2025,17:00,0
14/07/2025,18:00,26
14/07/2025,19:00,11
15/07/2025,08:00,34
15/07/2025,09:00,31
15/07/2025,10:00,6
15/07/2025,11:00,35
15/07/2025,12:00,9
15/07/2025,13:00,28
15/07/2025,14:00,26
15/07/2025,15:00,12
15/07/2025,16:00,20
15/07/2025,17:00,23
15/07/2025,18:00,12
15/07/2025,19:00,32
16/07/2025,08:00,13
16/07/2025,09:00,31
16/07/2025,10:00,1
16/07/2025,11:00,24
16/07/2025,12:00,0
16/07/2025,13:00,9
16/07/2025,14:00,27
16/07/2025,15:00,34
16/07/2025,16:00,11
16/07/2025,17:00,0
16/07/2025,18:00,8
16/07/2025,19:00,1
17/07/2025,08:00,4
17/07/2025,09:00,30
17/07/2025,10:00,13
17/07/2025,11:00,2
17/07/2025,12:00,0
17/07/2025,13:00,16
17/07/2025,14:00,1
17/07/2025,15:00,20
17/07/2025,16:00,8
17/07/2025,17:00,30
17/07/2025,18:00,32
17/07/2025,19:00,12
18/07/2025,08:00,24
18/07/2025,09:00,0
18/07/2025,10:00,23
18/07/2025,11:00,16
18/07/2025,12:00,28
18/07/2025,13:00,11
18/07/2025,14:00,22
18/07/2025,15:00,25
18/07/2025,16:00,21
18/07/2025,17:00,35
18/07/2025,18:00,21
18/07/2025,19:00,13
19/07/2025,08:00,30
19/07/2025,09:00,31
19/07/2025,10:00,20
19/07/2025,11:00,6
19/07/2025,12:00,34
19/07/2025,13:00,29
19/07/2025,14:00,23
19/07/2025,15:00,14
19/07/2025,16:00,24
19/07/2025,17:00,13
19/07/2025,18:00,9
19/07/2025,19:00,11
20/07/2025,08:00,0
20/07/2025,09:00,28
20/07/2025,10:00,19
20/07/2025,11:00,13
20/07/2025,12:00,22
20/07/2025,13:00,24
20/07/2025,14:00,15
20/07/2025,15:00,4
20/07/2025,16:00,9
20/07/2025,17:00,10
20/07/2025,18:00,8
20/07/2025,19:00,3
21/07/2025,08:00,26
21/07/2025,09:00,16
21/07/2025,10:00,5
21/07/2025,11:00,28
21/07/2025,12:00,34
21/07/2025,13:00,13
21/07/2025,14:00,0
21/07/2025,15:00,36
21/07/2025,16:00,22
21/07/2025,17:00,0
21/07/2025,18:00,20
21/07/2025,19:00,28
22/07/2025,08:00,24
22/07/2025,09:00,16
22/07/2025,10:00,1
22/07/2025,11:00,3
22/07/2025,12:00,28
22/07/2025,13:00,12
22/07/2025,14:00,30
22/07/2025,15:00,0
22/07/2025,16:00,27
22/07/2025,17:00,17
22/07/2025,18:00,17
22/07/2025,19:00,31
23/07/2025,08:00,7
23/07/2025,09:00,0
23/07/2025,10:00,8
23/07/2025,11:00,22
23/07/2025,12:00,17
23/07/2025,13:00,15
23/07/2025,14:00,31
23/07/2025,15:00,14
23/07/2025,16:00,6
23/07/2025,17:00,10
23/07/2025,18:00,31
23/07/2025,19:00,12
24/07/2025,08:00,17
24/07/2025,09:00,1
24/07/2025,10:00,32
24/07/2025,11:00,22
24/07/2025,12:00,30
24/07/2025,13:00,18
24/07/2025,14:00,3
24/07/2025,15:00,34
24/07/2025,16:00,9
24/07/2025,17:00,27
24/07/2025,18:00,20
24/07/2025,19:00,8
25/07/2025,08:00,18
25/07/2025,09:00,15
25/07/2025,10:00,28
25/07/2025,11:00,04
25/07/2025,12:00,14
25/07/2025,13:00,03
25/07/2025,14:00,32
25/07/2025,15:00,09
25/07/2025,16:00,25
25/07/2025,17:00,02
25/07/2025,18:00,03
25/07/2025,19:00,23
26/07/2025,08:00,07
26/07/2025,09:00,35
26/07/2025,10:00,06
26/07/2025,11:00,19
26/07/2025,12:00,09
26/07/2025,13:00,28
26/07/2025,14:00,30
26/07/2025,15:00,21
26/07/2025,16:00,04
26/07/2025,17:00,19
26/07/2025,18:00,20
26/07/2025,19:00,32
28/07/2025,08:00,01
28/07/2025,09:00,20
28/07/2025,10:00,24
28/07/2025,11:00,05
28/07/2025,12:00,02
28/07/2025,13:00,00
28/07/2025,14:00,13
28/07/2025,15:00,15
28/07/2025,16:00,25
28/07/2025,17:00,18
28/07/2025,18:00,35
28/07/2025,19:00,27
29/07/2025,08:00,07
29/07/2025,09:00,02
29/07/2025,10:00,21
29/07/2025,11:00,28
29/07/2025,12:00,13
29/07/2025,13:00,10
29/07/2025,14:00,05
29/07/2025,15:00,34
29/07/2025,16:00,14
29/07/2025,17:00,31
29/07/2025,18:00,25
30/07/2025,08:00,27
30/07/2025,09:00,05
30/07/2025,10:00,00
30/07/2025,11:00,23
30/07/2025,12:00,32
30/07/2025,13:00,35
30/07/2025,14:00,26
30/07/2025,15:00,33
30/07/2025,16:00,24
30/07/2025,17:00,28
30/07/2025,18:00,10
30/07/2025,19:00,02
31/07/2025,08:00,07
31/07/2025,09:00,32
31/07/2025,10:00,31
31/07/2025,11:00,25
31/07/2025,12:00,03
31/07/2025,13:00,24
31/07/2025,14:00,04
31/07/2025,15:00,26
31/07/2025,16:00,13
31/07/2025,17:00,00
31/07/2025,18:00,28
31/07/2025,19:00,06
01/08/2025,08:00,14
01/08/2025,09:00,07
01/08/2025,10:00,09
01/08/2025,11:00,32
01/08/2025,12:00,34
01/08/2025,13:00,04
01/08/2025,14:00,20
01/08/2025,15:00,02
01/08/2025,16:00,13
01/08/2025,17:00,29
01/08/2025,18:00,14
02/08/2025,08:00,24
02/08/2025,09:00,09
02/08/2025,10:00,09
02/08/2025,11:00,29
02/08/2025,12:00,21
02/08/2025,13:00,03
02/08/2025,14:00,31
02/08/2025,15:00,34
02/08/2025,16:00,30
02/08/2025,17:00,02
02/08/2025,18:00,26
02/08/2025,19:00,07
03/08/2025,08:00,19
03/08/2025,09:00,23
03/08/2025,10:00,03
03/08/2025,11:00,15
03/03/2025,12:00,09
03/08/2025,13:00,14
03/08/2025,14:00,21
03/08/2025,15:00,27
03/08/2025,16:00,26
03/08/2025,17:00,07
03/08/2025,18:00,10
03/08/2025,19:00,32
04/08/2025,08:00,26
04/08/2025,09:00,24
04/08/2025,10:00,23
04/08/2025,11:00,25
04/08/2025,12:00,04
04/08/2025,13:00,10
04/08/2025,14:00,28
04/08/2025,15:00,35
04/08/2025,16:00,06
04/08/2025,17:00,04
04/08/2025,18:00,11
04/08/2025,19:00,22
05/08/2025,08:00,32
05/08/2025,09:00,03
05/08/2025,10:00,09
05/08/2025,11:00,26
05/08/2025,12:00,11
05/08/2025,13:00,27
05/08/2025,14:00,13
05/08/2025,15:00,29
05/08/2025,16:00,26
05/08/2025,17:00,28
05/08/2025,18:00,30
05/08/2025,19:00,24
06/08/2025,08:00,18
06/08/2025,09:00,31
06/08/2025,10:00,24
07/08/2025,08:00,15
07/08/2025,09:00,05
07/08/2025,10:00,13
07/08/2025,11:00,18
07/08/2025,12:00,26
07/08/2025,13:00,08
07/08/2025,14:00,10
07/08/2025,15:00,25
07/08/2025,16:00,10
07/08/2025,17:00,29
07/08/2025,18:00,05
07/08/2025,19:00,22
08/08/2025,08:00,07
08/08/2025,09:00,18
08/08/2025,10:00,22
08/08/2025,11:00,04
08/08/2025,12:00,23
08/08/2025,13:00,29
08/08/2025,14:00,21
08/08/2025,15:00,05
08/08/2025,16:00,06
08/08/2025,17:00,14
08/08/2025,18:00,26
08/08/2025,19:00,24
09/08/2025,08:00,25
09/08/2025,09:00,15
09/08/2025,10:00,35
09/08/2025,11:00,26
09/08/2025,12:00,22
09/08/2025,13:00,27
09/08/2025,14:00,24
09/08/2025,15:00,01
09/08/2025,16:00,03
09/08/2025,17:00,33
09/08/2025,18:00,14
09/08/2025,19:00,26
10/08/2025,08:00,18
10/08/2025,09:00,13
10/08/2025,10:00,06
10/08/2025,11:00,25
10/08/2025,12:00,00
10/08/2025,13:00,15
10/08/2025,14:00,33
10/08/2025,15:00,26
10/08/2025,16:00,08
10/08/2025,17:00,01
10/08/2025,18:00,09
10/08/2025,19:00,14
11/08/2025,08:00,33
11/08/2025,09:00,14
11/08/2025,10:00,00
11/08/2025,11:00,19
11/08/2025,12:00,07
11/08/2025,13:00,08
11/08/2025,14:00,23
11/08/2025,15:00,02
11/08/2025,16:00,06
11/08/2025,17:00,18
11/08/2025,18:00,27
11/08/2025,19:00,25
12/08/2025,08:00,35
12/08/2025,09:00,16
12/08/2025,10:00,31
12/08/2025,11:00,30
12/08/2025,12:00,17
12/08/2025,13:00,00
12/08/2025,14:00,32
12/08/2025,15:00,27
12/08/2025,16:00,22
12/08/2025,17:00,09
12/08/2025,18:00,30
12/08/2025,19:00,20
13/08/2025,08:00,32
13/08/2025,09:00,21
13/08/2025,10:00,29
13/08/2025,11:00,05
13/08/2025,12:00,02
13/08/2025,13:00,15
13/08/2025,14:00,24
13/08/2025,15:00,23
13/08/2025,16:00,20
13/08/2025,17:00,03
13/08/2025,18:00,27
13/08/2025,19:00,23
14/08/2025,08:00,06
14/08/2025,09:00,23
14/08/2025,10:00,32
14/08/2025,11:00,07
14/08/2025,12:00,36
14/08/2025,13:00,05
14/08/2025,14:00,21
14/08/2025,15:00,34
14/08/2025,16:00,11
14/08/2025,17:00,07
14/08/2025,18:00,03
14/08/2025,19:00,16
15/08/2025,08:00,0
15/08/2025,09:00,6
15/08/2025,10:00,7
15/08/2025,11:00,12
15/08/2025,12:00,1
15/08/2025,13:00,8
15/08/2025,14:00,33
15/08/2025,15:00,17
15/08/2025,16:00,9
15/08/2025,17:00,16
15/08/2025,18:00,5
15/08/2025,19:00,9
16/08/2025,08:00,0
16/08/2025,09:00,6
16/08/2025,10:00,7
16/08/2025,11:00,12
16/08/2025,12:00,1
16/08/2025,13:00,8
16/08/2025,14:00,33
16/08/2025,15:00,17
16/08/2025,16:00,9
16/08/2025,17:00,16
16/08/2025,18:00,5
16/08/2025,19:00,9
17/08/2025,08:00,35
17/08/2025,09:00,12
17/08/2025,10:00,11
17/08/2025,11:00,20
17/08/2025,12:00,12
17/08/2025,13:00,24
17/08/2025,14:00,29
17/08/2025,15:00,10
17/08/2025,16:00,28
17/08/2025,17:00,17
17/08/2025,18:00,01
17/08/2025,19:00,22
18/08/2025,08:00,05
18/08/2025,09:00,07
18/08/2025,10:00,32
18/08/2025,11:00,35
18/08/2025,12:00,21
18/08/2025,13:00,01
18/08/2025,14:00,33
18/08/2025,15:00,02
18/08/2025,16:00,04
18/08/2025,17:00,31
18/08/2025,18:00,29
18/08/2025,19:00,24
19/08/2025,08:00,17
19/08/2025,09:00,05
19/08/2025,10:00,00
19/08/2025,11:00,20
19/08/2025,12:00,23
19/08/2025,13:00,0
19/08/2025,14:00,08
19/08/2025,15:00,9
19/08/2025,16:00,25
19/08/2025,17:00,10
19/08/2025,18:00,2
19/08/2025,19:00,24
20/08/2025,08:00,35
20/08/2025,09:00,33
20/08/2025,10:00,10
20/08/2025,11:00,24
20/08/2025,12:00,36
20/08/2025,13:00,29
20/08/2025,14:00,25
20/08/2025,15:00,12
20/08/2025,16:00,0
20/08/2025,17:00,13
20/08/2025,18:00,2
20/08/2025,19:00,7
21/08/2025,08:00,28
21/08/2025,09:00,32
21/08/2025,10:00,00
21/08/2025,11:00,7
21/08/2025,12:00,10
21/08/2025,13:00,8
21/08/2025,14:00,22
21/08/2025,15:00,20
21/08/2025,16:00,27
21/08/2025,17:00,16
21/08/2025,18:00,6
21/08/2025,19:00,20
22/08/2025,08:00,36
22/08/2025,09:00,10
22/08/2025,10:00,12
22/08/2025,11:00,32
22/08/2025,12:00,17
22/08/2025,13:00,29
22/08/2025,14:00,19
22/08/2025,15:00,35
22/08/2025,16:00,3
22/08/2025,17:00,31
22/08/2025,18:00,2
22/08/2025,19:00,25
23/08/2025,08:00,29
23/08/2025,09:00,28
23/08/2025,10:00,35
23/08/2025,11:00,26
23/08/2025,12:00,17
23/08/2025,13:00,22
23/08/2025,14:00,36
23/08/2025,15:00,13
23/08/2025,16:00,27
23/08/2025,17:00,25
23/08/2025,18:00,5
23/08/2025,19:00,1
24/08/2025,08:00,20
24/08/2025,09:00,29
24/08/2025,10:00,3
24/08/2025,11:00,6
24/08/2025,12:00,1
24/08/2025,13:00,31
24/08/2025,14:00,5
24/08/2025,15:00,19
24/08/2025,16:00,30
24/08/2025,17:00,21
24/08/2025,18:00,35
24/08/2025,19:00,27
25/08/2025,08:00,7
25/08/2025,09:00,35
25/08/2025,10:00,17
25/08/2025,11:00,10
25/08/2025,12:00,31
25/08/2025,13:00,12
25/08/2025,14:00,3
25/08/2025,15:00,2
25/08/2025,16:00,29
25/08/2025,17:00,15
25/08/2025,18:00,09
25/08/2025,19:00,11
26/08/2025,08:00,29
26/08/2025,09:00,09
26/08/2025,10:00,18
26/08/2025,11:00,22
26/08/2025,12:00,07
26/08/2025,13:00,33
26/08/2025,14:00,13
26/08/2025,15:00,04
26/08/2025,16:00,32
26/08/2025,17:00,36
26/08/2025,18:00,17
26/08/2025,19:00,00
27/08/2025,08:00,05
27/08/2025,09:00,00
27/08/2025,10:00,15
27/08/2025,11:00,32
27/08/2025,12:00,29
27/08/2025,13:00,23
27/08/2025,14:00,28
27/08/2025,15:00,19
27/08/2025,16:00,12
27/08/2025,17:00,11
27/08/2025,18:00,24
27/08/2025,19:00,00
28/08/2025,08:00,35
28/08/2025,09:00,22
28/08/2025,10:00,32
28/08/2025,11:00,15
28/08/2025,12:00,36
28/08/2025,13:00,13
28/08/2025,14:00,33
28/08/2025,15:00,20
28/08/2025,16:00,4
28/08/2025,17:00,11
28/08/2025,18:00,3
28/08/2025,19:00,19
29/08/2025,08:00,12
29/08/2025,09:00,15
29/08/2025,10:00,5
29/08/2025,11:00,13
29/08/2025,12:00,6
29/08/2025,13:00,33
29/08/2025,14:00,26
29/08/2025,15:00,29
29/08/2025,16:00,20
28/08/2025,16:00,04
28/08/2025,17:00,11
28/08/2025,18:00,03
28/08/2025,19:00,19
29/08/2025,08:00,12
29/08/2025,09:00,15
29/08/2025,10:00,05
29/08/2025,11:00,13
29/08/2025,12:00,06
29/08/2025,13:00,33
29/08/2025,14:00,26
29/08/2025,15:00,29
29/08/2025,16:00,20
29/08/2025,17:00,31
29/08/2025,18:00,06
29/08/2025,19:00,10
30/08/2025,08:00,04
30/08/2025,09:00,29
30/08/2025,10:00,12
30/08/2025,11:00,19
30/08/2025,12:00,11
30/08/2025,13:00,35
30/08/2025,14:00,06
30/08/2025,15:00,25
30/08/2025,16:00,18
30/08/2025,17:00,17
30/08/2025,18:00,13
30/08/2025,19:00,01
31/08/2025,08:00,36
31/08/2025,09:00,05
31/08/2025,10:00,32
31/08/2025,11:00,06
31/08/2025,12:00,28
31/08/2025,13:00,29
31/08/2025,14:00,02
31/08/2025,15:00,18
31/08/2025,16:00,01
31/08/2025,17:00,21
31/08/2025,18:00,00
31/08/2025,19:00,19
01/09/2025,08:00,25
01/09/2025,09:00,36
01/09/2025,10:00,22
01/09/2025,11:00,33
01/09/2025,12:00,31
01/09/2025,13:00,34
01/09/2025,14:00,20
01/09/2025,15:00,26
01/09/2025,16:00,09
01/09/2025,17:00,13
01/09/2025,18:00,29
01/09/2025,19:00,17
02/09/2025,08:00,22
02/09/2025,09:00,10
02/09/2025,10:00,07
02/09/2025,11:00,26
02/09/2025,12:00,13
02/09/2025,13:00,05
02/09/2025,14:00,01
02/09/2025,15:00,17
02/09/2025,16:00,15
02/09/2025,17:00,30
02/09/2025,18:00,20
02/09/2025,19:00,33
03/09/2025,08:00,29
03/09/2025,09:00,01
03/09/2025,10:00,09
03/09/2025,11:00,31
03/09/2025,12:00,07
03/09/2025,13:00,25
03/09/2025,14:00,20
03/09/2025,15:00,24
03/09/2025,16:00,04
03/09/2025,17:00,23
03/09/2025,18:00,03
03/09/2025,19:00,23
04/09/2025,08:00,28
04/09/2025,09:00,3
04/09/2025,10:00,26
04/09/2025,11:00,07
04/09/2025,12:00,29
04/09/2025,13:00,16
04/09/2025,14:00,15
04/09/2025,15:00,4
04/09/2025,16:00,11
04/09/2025,17:00,19
04/09/2025,18:00,18
04/09/2025,19:00,22
05/09/2025,08:00,17
05/09/2025,09:00,22
05/09/2025,10:00,3
05/09/2025,11:00,24
05/09/2025,12:00,13
05/09/2025,13:00,11
05/09/2025,14:00,10
05/09/2025,15:00,18
05/09/2025,16:00,33
05/09/2025,17:00,36
05/09/2025,18:00,25
05/09/2025,19:00,19
06/09/2025,08:00,32
06/09/2025,09:00,11
06/09/2025,10:00,27
06/09/2025,11:00,18
06/09/2025,12:00,1
06/09/2025,13:00,30
06/09/2025,14:00,31
06/09/2025,15:00,16
06/09/2025,16:00,22