{
    "Triples": {
        "01/03/2025": {
            "08:00": 953,
            "09:00": 699,
            "10:00": 270,
            "11:00": 881,
            "12:00": 981,
            "13:00": 399,
            "14:00": 335,
            "15:00": 964,
            "16:00": 144,
            "17:00": 323,
            "18:00": 499,
            "19:00": 231
        },
        "02/03/2025": {
            "08:00": 378,
            "09:00": 848,
            "10:00": 344,
            "11:00": 792,
            "12:00": 686,
            "13:00": 991,
            "14:00": 440,
            "15:00": 234,
            "16:00": 469,
            "17:00": 657,
            "18:00": 313,
            "19:00": 852
        },
        "03/03/2025": {
            "08:00": 251,
            "09:00": 353,
            "10:00": 398,
            "11:00": 625,
            "12:00": 889,
            "13:00": 685,
            "14:00": 172,
            "15:00": 443,
            "16:00": 190,
            "17:00": 563,
            "18:00": 179,
            "19:00": 972
        },
        "04/03/2025": {
            "08:00": 950,
            "09:00": 781,
            "10:00": 346,
            "11:00": 166,
            "12:00": 804,
            "13:00": 990,
            "14:00": 913,
            "15:00": 934,
            "16:00": 300,
            "17:00": 455,
            "18:00": 677,
            "19:00": 899
        },
        "05/03/2025": {
            "08:00": 478,
            "09:00": 117,
            "10:00": 504,
            "11:00": 484,
            "12:00": 905,
            "13:00": 676,
            "14:00": 718,
            "15:00": 335,
            "16:00": 792,
            "17:00": 112,
            "18:00": 277,
            "19:00": 627
        },
        "06/03/2025": {
            "08:00": 377,
            "09:00": 360,
            "10:00": 908,
            "11:00": 202,
            "12:00": 282,
            "13:00": 152,
            "14:00": 81,
            "15:00": 36,
            "16:00": 827,
            "17:00": 500,
            "18:00": 120,
            "19:00": 459
        },
        "07/03/2025": {
            "08:00": 897,
            "09:00": 951,
            "10:00": 149,
            "11:00": 659,
            "12:00": 916,
            "13:00": 836,
            "14:00": 958,
            "15:00": 785,
            "16:00": 960,
            "17:00": 121,
            "18:00": 283,
            "19:00": 716
        },
        "08/03/2025": {
            "08:00": 271,
            "09:00": 894,
            "10:00": 547,
            "11:00": 67,
            "12:00": 79,
            "13:00": 520,
            "14:00": 404,
            "15:00": 670,
            "16:00": 707,
            "17:00": 993,
            "18:00": 699,
            "19:00": 161
        },
        "09/03/2025": {
            "08:00": 750,
            "09:00": 827,
            "10:00": 597,
            "11:00": 6,
            "12:00": 617,
            "13:00": 300,
            "14:00": 628,
            "15:00": 607,
            "16:00": 722,
            "17:00": 962,
            "18:00": 171,
            "19:00": 847
        },
        "10/03/2025": {
            "08:00": 171,
            "09:00": 92,
            "10:00": 420,
            "11:00": 986,
            "12:00": 639,
            "13:00": 171,
            "14:00": 744,
            "15:00": 610,
            "16:00": 993,
            "17:00": 109,
            "18:00": 477,
            "19:00": 911
        },
        "11/03/2025": {
            "08:00": 903,
            "09:00": 350,
            "10:00": 778,
            "11:00": 894,
            "12:00": 398,
            "13:00": 511,
            "14:00": 48,
            "15:00": 319,
            "16:00": 386,
            "17:00": 654,
            "18:00": 865,
            "19:00": 160
        },
        "12/03/2025": {
            "08:00": 483,
            "09:00": 337,
            "10:00": 297,
            "11:00": 187,
            "12:00": 426,
            "13:00": 113,
            "14:00": 733,
            "15:00": 487,
            "16:00": 482,
            "17:00": 648,
            "18:00": 521,
            "19:00": 119
        },
        "13/03/2025": {
            "08:00": 776,
            "09:00": 897,
            "10:00": 492,
            "11:00": 159,
            "12:00": 427,
            "13:00": 613,
            "14:00": 2,
            "15:00": 200,
            "16:00": 227,
            "17:00": 318,
            "18:00": 163,
            "19:00": 596
        },
        "14/03/2025": {
            "08:00": 864,
            "09:00": 433,
            "10:00": 934,
            "11:00": 994,
            "12:00": 246,
            "13:00": 542,
            "14:00": 111,
            "15:00": 840,
            "16:00": 742,
            "17:00": 501,
            "18:00": 569,
            "19:00": 115
        },
        "15/03/2025": {
            "08:00": 209,
            "09:00": 911,
            "10:00": 418,
            "11:00": 127,
            "12:00": 521,
            "13:00": 817,
            "14:00": 812,
            "15:00": 938,
            "16:00": 189,
            "17:00": 221,
            "18:00": 546,
            "19:00": 581
        },
        "16/03/2025": {
            "08:00": 7,
            "09:00": 626,
            "10:00": 742,
            "11:00": 541,
            "12:00": 931,
            "13:00": 67,
            "14:00": 68,
            "15:00": 635,
            "16:00": 826,
            "17:00": 475,
            "18:00": 710,
            "19:00": 54
        },
        "17/03/2025": {
            "08:00": 94,
            "09:00": 629,
            "10:00": 893,
            "11:00": 177,
            "12:00": 104,
            "13:00": 114,
            "14:00": 108,
            "15:00": 787,
            "16:00": 604,
            "17:00": 939,
            "18:00": 681,
            "19:00": 231
        },
        "18/03/2025": {
            "08:00": 692,
            "09:00": 628,
            "10:00": 735,
            "11:00": 879,
            "12:00": 663,
            "13:00": 698,
            "14:00": 981,
            "15:00": 43,
            "16:00": 259,
            "17:00": 847,
            "18:00": 219,
            "19:00": 563
        },
        "19/03/2025": {
            "08:00": 53,
            "09:00": 971,
            "10:00": 197,
            "11:00": 30,
            "12:00": 604,
            "13:00": 591,
            "14:00": 19,
            "15:00": 962,
            "16:00": 569,
            "17:00": 758,
            "18:00": 140,
            "19:00": 487
        },
        "20/03/2025": {
            "08:00": 940,
            "09:00": 635,
            "10:00": 967,
            "11:00": 743,
            "12:00": 987,
            "13:00": 104,
            "14:00": 834,
            "15:00": 14,
            "16:00": 323,
            "17:00": 497,
            "18:00": 321,
            "19:00": 126
        },
        "21/03/2025": {
            "08:00": 336,
            "09:00": 236,
            "10:00": 699,
            "11:00": 93,
            "12:00": 40,
            "13:00": 885,
            "14:00": 407,
            "15:00": 950,
            "16:00": 206,
            "17:00": 322,
            "18:00": 195,
            "19:00": 520
        },
        "22/03/2025": {
            "08:00": 740,
            "09:00": 343,
            "10:00": 360,
            "11:00": 794,
            "12:00": 643,
            "13:00": 514,
            "14:00": 943,
            "15:00": 2,
            "16:00": 229,
            "17:00": 199,
            "18:00": 843,
            "19:00": 356
        },
        "23/03/2025": {
            "08:00": 850,
            "09:00": 782,
            "10:00": 921,
            "11:00": 929,
            "12:00": 226,
            "13:00": 401,
            "14:00": 40,
            "15:00": 719,
            "16:00": 960,
            "17:00": 62,
            "18:00": 934,
            "19:00": 371
        },
        "24/03/2025": {
            "08:00": 775,
            "09:00": 54,
            "10:00": 787,
            "11:00": 260,
            "12:00": 186,
            "13:00": 616,
            "14:00": 319,
            "15:00": 361,
            "16:00": 243,
            "17:00": 99,
            "18:00": 215,
            "19:00": 533
        },
        "25/03/2025": {
            "08:00": 76,
            "09:00": 742,
            "10:00": 186,
            "11:00": 394,
            "12:00": 526,
            "13:00": 315,
            "14:00": 252,
            "15:00": 600,
            "16:00": 493,
            "17:00": 999,
            "18:00": 399,
            "19:00": 785
        },
        "26/03/2025": {
            "08:00": 797,
            "09:00": 357,
            "10:00": 475,
            "11:00": 485,
            "12:00": 253,
            "13:00": 110,
            "14:00": 535,
            "15:00": 761,
            "16:00": 649,
            "17:00": 514,
            "18:00": 435,
            "19:00": 153
        },
        "27/03/2025": {
            "08:00": 93,
            "09:00": 14,
            "10:00": 795,
            "11:00": 166,
            "12:00": 680,
            "13:00": 996,
            "14:00": 887,
            "15:00": 609,
            "16:00": 627,
            "17:00": 887,
            "18:00": 3,
            "19:00": 28
        },
        "28/03/2025": {
            "08:00": 925,
            "09:00": 290,
            "10:00": 567,
            "11:00": 144,
            "12:00": 523,
            "13:00": 654,
            "14:00": 852,
            "15:00": 356,
            "16:00": 899,
            "17:00": 300,
            "18:00": 797,
            "19:00": 332
        },
        "29/03/2025": {
            "08:00": 556,
            "09:00": 829,
            "10:00": 948,
            "11:00": 942,
            "12:00": 310,
            "13:00": 218,
            "14:00": 360,
            "15:00": 20,
            "16:00": 874,
            "17:00": 228,
            "18:00": 32,
            "19:00": 490
        },
        "30/03/2025": {
            "08:00": 569,
            "09:00": 811,
            "10:00": 103,
            "11:00": 49,
            "12:00": 564,
            "13:00": 364,
            "14:00": 538,
            "15:00": 32,
            "16:00": 603,
            "17:00": 231,
            "18:00": 794,
            "19:00": 798
        },
        "31/03/2025": {
            "08:00": 521,
            "09:00": 731,
            "10:00": 613,
            "11:00": 129,
            "12:00": 914,
            "13:00": 611,
            "14:00": 59,
            "15:00": 773,
            "16:00": 651,
            "17:00": 498,
            "18:00": 687,
            "19:00": 978
        },
        "01/04/2025": {
            "08:00": 610,
            "09:00": 273,
            "10:00": 335,
            "11:00": 702,
            "12:00": 766,
            "13:00": 827,
            "14:00": 625,
            "15:00": 68,
            "16:00": 158,
            "17:00": 460,
            "18:00": 627,
            "19:00": 319
        },
        "02/04/2025": {
            "08:00": 321,
            "09:00": 239,
            "10:00": 560,
            "11:00": 946,
            "12:00": 3,
            "13:00": 205,
            "14:00": 219,
            "15:00": 821,
            "16:00": 740,
            "17:00": 135,
            "18:00": 119,
            "19:00": 52
        },
        "03/04/2025": {
            "08:00": 498,
            "09:00": 229,
            "10:00": 205,
            "11:00": 541,
            "12:00": 283,
            "13:00": 942,
            "14:00": 177,
            "15:00": 416,
            "16:00": 652,
            "17:00": 373,
            "18:00": 833,
            "19:00": 313
        },
        "04/04/2025": {
            "08:00": 170,
            "09:00": 718,
            "10:00": 366,
            "11:00": 826,
            "12:00": 608,
            "13:00": 404,
            "14:00": 582,
            "15:00": 309,
            "16:00": 976,
            "17:00": 394,
            "18:00": 843,
            "19:00": 525
        },
        "05/04/2025": {
            "08:00": 675,
            "09:00": 112,
            "10:00": 103,
            "11:00": 168,
            "12:00": 523,
            "13:00": 406,
            "14:00": 145,
            "15:00": 867,
            "16:00": 286,
            "17:00": 799,
            "18:00": 858,
            "19:00": 222
        },
        "06/04/2025": {
            "08:00": 848,
            "09:00": 326,
            "10:00": 62,
            "11:00": 503,
            "12:00": 808,
            "13:00": 458,
            "14:00": 438,
            "15:00": 539,
            "16:00": 619,
            "17:00": 186,
            "18:00": 26,
            "19:00": 908
        },
        "07/04/2025": {
            "08:00": 474,
            "09:00": 914,
            "10:00": 752,
            "11:00": 385,
            "12:00": 235,
            "13:00": 203,
            "14:00": 697,
            "15:00": 369,
            "16:00": 888,
            "17:00": 753,
            "18:00": 853,
            "19:00": 620
        },
        "08/04/2025": {
            "08:00": 359,
            "09:00": 920,
            "10:00": 485,
            "11:00": 174,
            "12:00": 627,
            "13:00": 592,
            "14:00": 560,
            "15:00": 4,
            "16:00": 824,
            "17:00": 469,
            "18:00": 483,
            "19:00": 220
        },
        "09/04/2025": {
            "08:00": 375,
            "09:00": 60,
            "10:00": 760,
            "11:00": 928,
            "12:00": 134,
            "13:00": 638,
            "14:00": 861,
            "15:00": 60,
            "16:00": 141,
            "17:00": 440,
            "18:00": 37,
            "19:00": 893
        },
        "10/04/2025": {
            "08:00": 895,
            "09:00": 528,
            "10:00": 845,
            "11:00": 302,
            "12:00": 731,
            "13:00": 503,
            "14:00": 770,
            "15:00": 229,
            "16:00": 433,
            "17:00": 710,
            "18:00": 915,
            "19:00": 207
        },
        "11/04/2025": {
            "08:00": 186,
            "09:00": 195,
            "10:00": 768,
            "11:00": 340,
            "12:00": 571,
            "13:00": 297,
            "14:00": 38,
            "15:00": 346,
            "16:00": 832,
            "17:00": 620,
            "18:00": 645,
            "19:00": 785
        },
        "12/04/2025": {
            "08:00": 448,
            "09:00": 775,
            "10:00": 75,
            "11:00": 241,
            "12:00": 287,
            "13:00": 227,
            "14:00": 911,
            "15:00": 573,
            "16:00": 444,
            "17:00": 105,
            "18:00": 456,
            "19:00": 945
        },
        "13/04/2025": {
            "08:00": 838,
            "09:00": 65,
            "10:00": 506,
            "11:00": 723,
            "12:00": 154,
            "13:00": 413,
            "14:00": 429,
            "15:00": 193,
            "16:00": 767,
            "17:00": 602,
            "18:00": 802,
            "19:00": 265
        },
        "14/04/2025": {
            "08:00": 286,
            "09:00": 659,
            "10:00": 25,
            "11:00": 87,
            "12:00": 624,
            "13:00": 405,
            "14:00": 522,
            "15:00": 417,
            "16:00": 899,
            "17:00": 401,
            "18:00": 212,
            "19:00": 184
        },
        "15/04/2025": {
            "08:00": 813,
            "09:00": 561,
            "10:00": 215,
            "11:00": 372,
            "12:00": 283,
            "13:00": 509,
            "14:00": 605,
            "15:00": 367,
            "16:00": 623,
            "17:00": 426,
            "18:00": 829,
            "19:00": 56
        },
        "16/04/2025": {
            "08:00": 759,
            "09:00": 600,
            "10:00": 202,
            "11:00": 555,
            "12:00": 96,
            "13:00": 407,
            "14:00": 845,
            "15:00": 605,
            "16:00": 94,
            "17:00": 812,
            "18:00": 775,
            "19:00": 484
        },
        "17/04/2025": {
            "08:00": 941,
            "09:00": 984,
            "10:00": 752,
            "11:00": 613,
            "12:00": 132,
            "13:00": 704,
            "14:00": 404,
            "15:00": 174,
            "16:00": 768,
            "17:00": 706,
            "18:00": 203,
            "19:00": 593
        },
        "18/04/2025": {
            "08:00": 459,
            "09:00": 398,
            "10:00": 471,
            "11:00": 565,
            "12:00": 667,
            "13:00": 329,
            "14:00": 60,
            "15:00": 475,
            "16:00": 113,
            "17:00": 467,
            "18:00": 718,
            "19:00": 749
        },
        "19/04/2025": {
            "08:00": 608,
            "09:00": 667,
            "10:00": 286,
            "11:00": 619,
            "12:00": 840,
            "13:00": 327,
            "14:00": 763,
            "15:00": 491,
            "16:00": 236,
            "17:00": 977,
            "18:00": 650,
            "19:00": 918
        },
        "20/04/2025": {
            "08:00": 560,
            "09:00": 100,
            "10:00": 798,
            "11:00": 344,
            "12:00": 990,
            "13:00": 252,
            "14:00": 92,
            "15:00": 322,
            "16:00": 25,
            "17:00": 528,
            "18:00": 448,
            "19:00": 935
        },
        "21/04/2025": {
            "08:00": 793,
            "09:00": 443,
            "10:00": 521,
            "11:00": 904,
            "12:00": 985,
            "13:00": 564,
            "14:00": 548,
            "15:00": 247,
            "16:00": 659,
            "17:00": 73,
            "18:00": 849,
            "19:00": 780
        },
        "22/04/2025": {
            "08:00": 593,
            "09:00": 243,
            "10:00": 761,
            "11:00": 487,
            "12:00": 564,
            "13:00": 672,
            "14:00": 890,
            "15:00": 528,
            "16:00": 894,
            "17:00": 220,
            "18:00": 540,
            "19:00": 718
        },
        "23/04/2025": {
            "08:00": 464,
            "09:00": 694,
            "10:00": 224,
            "11:00": 436,
            "12:00": 273,
            "13:00": 360,
            "14:00": 878,
            "15:00": 28,
            "16:00": 560,
            "17:00": 163,
            "18:00": 856,
            "19:00": 300
        },
        "24/04/2025": {
            "08:00": 716,
            "09:00": 840,
            "10:00": 299,
            "11:00": 482,
            "12:00": 693,
            "13:00": 34,
            "14:00": 544,
            "15:00": 437,
            "16:00": 166,
            "17:00": 103,
            "18:00": 350,
            "19:00": 373
        },
        "25/04/2025": {
            "08:00": 831,
            "09:00": 371,
            "10:00": 198,
            "11:00": 226,
            "12:00": 629,
            "13:00": 147,
            "14:00": 811,
            "15:00": 827,
            "16:00": 616,
            "17:00": 439,
            "18:00": 932,
            "19:00": 463
        },
        "26/04/2025": {
            "08:00": 906,
            "09:00": 302,
            "10:00": 141,
            "11:00": 533,
            "12:00": 230,
            "13:00": 476,
            "14:00": 86,
            "15:00": 896,
            "16:00": 347,
            "17:00": 336,
            "18:00": 80,
            "19:00": 831
        },
        "27/04/2025": {
            "08:00": 796,
            "09:00": 121,
            "10:00": 425,
            "11:00": 37,
            "12:00": 145,
            "13:00": 335,
            "14:00": 821,
            "15:00": 581,
            "16:00": 219,
            "17:00": 456,
            "18:00": 67,
            "19:00": 296
        },
        "28/04/2025": {
            "08:00": 412,
            "09:00": 164,
            "10:00": 967,
            "11:00": 41,
            "12:00": 187,
            "13:00": 364,
            "14:00": 250,
            "15:00": 984,
            "16:00": 834,
            "17:00": 276,
            "18:00": 674,
            "19:00": 501
        },
        "29/04/2025": {
            "08:00": 77,
            "09:00": 632,
            "10:00": 832,
            "11:00": 827,
            "12:00": 315,
            "13:00": 997,
            "14:00": 792,
            "15:00": 774,
            "16:00": 959,
            "17:00": 937,
            "18:00": 542,
            "19:00": 801
        },
        "30/04/2025": {
            "08:00": 855,
            "09:00": 880,
            "10:00": 379,
            "11:00": 716,
            "12:00": 569,
            "13:00": 869,
            "14:00": 986,
            "15:00": 364,
            "16:00": 39,
            "17:00": 927,
            "18:00": 406,
            "19:00": 381
        },
        "01/05/2025": {
            "08:00": 791,
            "09:00": 262,
            "10:00": 830,
            "11:00": 108,
            "12:00": 44,
            "13:00": 906,
            "14:00": 253,
            "15:00": 624,
            "16:00": 463,
            "17:00": 719,
            "18:00": 744,
            "19:00": 100
        },
        "02/05/2025": {
            "08:00": 624,
            "09:00": 676,
            "10:00": 210,
            "11:00": 22,
            "12:00": 296,
            "13:00": 3,
            "14:00": 971,
            "15:00": 181,
            "16:00": 929,
            "17:00": 424,
            "18:00": 392,
            "19:00": 884
        },
        "03/05/2025": {
            "08:00": 321,
            "09:00": 841,
            "10:00": 621,
            "11:00": 362,
            "12:00": 857,
            "13:00": 942,
            "14:00": 556,
            "15:00": 987,
            "16:00": 886,
            "17:00": 924,
            "18:00": 383,
            "19:00": 353
        },
        "04/05/2025": {
            "08:00": 199,
            "09:00": 432,
            "10:00": 702,
            "11:00": 673,
            "12:00": 915,
            "13:00": 55,
            "14:00": 251,
            "15:00": 346,
            "16:00": 42,
            "17:00": 698,
            "18:00": 674,
            "19:00": 554
        },
        "05/06/2025": {
            "08:00": 250,
            "09:00": 242,
            "10:00": 433,
            "11:00": 348,
            "12:00": 772,
            "13:00": 244,
            "14:00": 157,
            "15:00": 658,
            "16:00": 934,
            "17:00": 887,
            "18:00": 220,
            "19:00": 491
        },
        "06/05/2025": {
            "08:00": 603,
            "09:00": 839,
            "10:00": 772,
            "11:00": 808,
            "12:00": 854,
            "13:00": 494,
            "14:00": 203,
            "15:00": 905,
            "16:00": 790,
            "17:00": 714,
            "18:00": 113,
            "19:00": 301
        },
        "07/05/2025": {
            "08:00": 769,
            "09:00": 844,
            "10:00": 14,
            "11:00": 935,
            "12:00": 401,
            "13:00": 183,
            "14:00": 869,
            "15:00": 867,
            "16:00": 404,
            "17:00": 125,
            "18:00": 448,
            "19:00": 231
        },
        "08/05/2025": {
            "08:00": 487,
            "09:00": 585,
            "10:00": 495,
            "11:00": 657,
            "12:00": 810,
            "13:00": 936,
            "14:00": 873,
            "15:00": 970,
            "16:00": 106,
            "17:00": 589,
            "18:00": 71,
            "19:00": 0
        },
        "09/05/2025": {
            "08:00": 256,
            "09:00": 343,
            "10:00": 658,
            "11:00": 38,
            "12:00": 643,
            "13:00": 70,
            "14:00": 694,
            "15:00": 909,
            "16:00": 784,
            "17:00": 118,
            "18:00": 801,
            "19:00": 471
        },
        "10/05/2025": {
            "08:00": 957,
            "09:00": 480,
            "10:00": 902,
            "11:00": 618,
            "12:00": 271,
            "13:00": 17,
            "14:00": 358,
            "15:00": 987,
            "16:00": 776,
            "17:00": 947,
            "18:00": 899,
            "19:00": 622
        },
        "11/05/2025": {
            "08:00": 484,
            "09:00": 196,
            "10:00": 395,
            "11:00": 179,
            "12:00": 273,
            "13:00": 489,
            "14:00": 552,
            "15:00": 224,
            "16:00": 858,
            "17:00": 101,
            "18:00": 918,
            "19:00": 156
        },
        "12/05/2025": {
            "08:00": 960,
            "09:00": 68,
            "10:00": 124,
            "11:00": 488,
            "12:00": 771,
            "13:00": 453,
            "14:00": 65,
            "15:00": 641,
            "16:00": 866,
            "17:00": 274,
            "18:00": 4,
            "19:00": 461
        },
        "13/05/2025": {
            "08:00": 553,
            "09:00": 157,
            "10:00": 883,
            "11:00": 128,
            "12:00": 37,
            "13:00": 779,
            "14:00": 513,
            "15:00": 191,
            "16:00": 948,
            "17:00": 129,
            "18:00": 576,
            "19:00": 181
        },
        "14/05/2025": {
            "08:00": 167,
            "09:00": 918,
            "10:00": 13,
            "11:00": 950,
            "12:00": 364,
            "13:00": 900,
            "14:00": 971,
            "15:00": 773,
            "16:00": 217,
            "17:00": 165,
            "18:00": 808,
            "19:00": 305
        },
        "15/05/2025": {
            "08:00": 167,
            "09:00": 918,
            "10:00": 13,
            "11:00": 950,
            "12:00": 364,
            "13:00": 900,
            "14:00": 971,
            "15:00": 773,
            "16:00": 217,
            "17:00": 165,
            "18:00": 808,
            "19:00": 305
        },
        "16/05/2025": {
            "08:00": 966,
            "09:00": 131,
            "10:00": 973,
            "11:00": 965,
            "12:00": 283,
            "13:00": 594,
            "14:00": 621,
            "15:00": 340,
            "16:00": 186,
            "17:00": 183,
            "18:00": 651,
            "19:00": 294
        },
        "17/05/2025": {
            "08:00": 80,
            "09:00": 344,
            "10:00": 163,
            "11:00": 844,
            "12:00": 951,
            "13:00": 92,
            "14:00": 407,
            "15:00": 723,
            "16:00": 877,
            "17:00": 211,
            "18:00": 535,
            "19:00": 489
        },
        "18/05/2025": {
            "08:00": 447,
            "09:00": 589,
            "10:00": 514,
            "11:00": 423,
            "12:00": 696,
            "13:00": 720,
            "14:00": 451,
            "15:00": 277,
            "16:00": 873,
            "17:00": 206,
            "18:00": 724,
            "19:00": 464
        },
        "19/05/2025": {
            "08:00": 375,
            "09:00": 105,
            "10:00": 17,
            "11:00": 215,
            "12:00": 261,
            "13:00": 741,
            "14:00": 573,
            "15:00": 754,
            "16:00": 638,
            "17:00": 920,
            "18:00": 704,
            "19:00": 351
        },
        "20/05/2025": {
            "08:00": 602,
            "09:00": 821,
            "10:00": 565,
            "11:00": 847,
            "12:00": 665,
            "13:00": 542,
            "14:00": 248,
            "15:00": 627,
            "16:00": 7,
            "17:00": 221,
            "18:00": 341,
            "19:00": 708
        },
        "21/05/2025": {
            "08:00": 46,
            "09:00": 405,
            "10:00": 596,
            "11:00": 618,
            "12:00": 607,
            "13:00": 525,
            "14:00": 854,
            "15:00": 5,
            "16:00": 600,
            "17:00": 537,
            "18:00": 883,
            "19:00": 599
        },
        "22/05/2025": {
            "08:00": 564,
            "09:00": 619,
            "10:00": 88,
            "11:00": 21,
            "12:00": 358,
            "13:00": 927,
            "14:00": 778,
            "15:00": 117,
            "16:00": 469,
            "17:00": 762,
            "18:00": 642,
            "19:00": 80
        },
        "23/05/2025": {
            "08:00": 441,
            "09:00": 618,
            "10:00": 766,
            "11:00": 844,
            "12:00": 710,
            "13:00": 450,
            "14:00": 940,
            "15:00": 232,
            "16:00": 395,
            "17:00": 769,
            "18:00": 548,
            "19:00": 363
        },
        "24/05/2025": {
            "08:00": 400,
            "09:00": 108,
            "10:00": 322,
            "11:00": 563,
            "12:00": 739,
            "13:00": 863,
            "14:00": 215,
            "15:00": 215,
            "16:00": 844,
            "17:00": 770,
            "18:00": 939,
            "19:00": 760
        },
        "26/07/2025": {
            "08:00": 418,
            "09:00": 189,
            "10:00": 81,
            "11:00": 658,
            "12:00": 52,
            "13:00": 525,
            "14:00": 416,
            "15:00": 732,
            "16:00": 423,
            "17:00": 594,
            "18:00": 547,
            "19:00": 659
        },
        "27/05/2025": {
            "08:00": 693,
            "09:00": 423,
            "10:00": 587,
            "11:00": 868,
            "12:00": 482,
            "13:00": 675,
            "14:00": 930,
            "15:00": 55,
            "16:00": 285,
            "17:00": 785,
            "18:00": 177,
            "19:00": 518
        },
        "28/05/2025": {
            "08:00": 520,
            "09:00": 566,
            "10:00": 92,
            "11:00": 778,
            "12:00": 852,
            "13:00": 60,
            "14:00": 266,
            "15:00": 202,
            "16:00": 753,
            "17:00": 909,
            "18:00": 908,
            "19:00": 109
        },
        "29/05/2025": {
            "08:00": 615,
            "09:00": 480,
            "10:00": 338,
            "11:00": 122,
            "12:00": 910,
            "13:00": 470,
            "14:00": 272,
            "15:00": 488,
            "16:00": 713,
            "17:00": 777,
            "18:00": 916,
            "19:00": 717
        },
        "30/05/2025": {
            "08:00": 773,
            "09:00": 304,
            "10:00": 643,
            "11:00": 6,
            "12:00": 843,
            "13:00": 82,
            "14:00": 315,
            "15:00": 852,
            "16:00": 823,
            "17:00": 435,
            "18:00": 208,
            "19:00": 6
        },
        "31/05/2025": {
            "08:00": 431,
            "09:00": 528,
            "10:00": 203,
            "11:00": 253,
            "12:00": 267,
            "13:00": 953,
            "14:00": 12,
            "15:00": 734,
            "16:00": 319,
            "17:00": 455,
            "18:00": 30,
            "19:00": 390
        },
        "01/06/2025": {
            "08:00": 917,
            "09:00": 389,
            "10:00": 563,
            "11:00": 297,
            "12:00": 809,
            "13:00": 831,
            "14:00": 467,
            "15:00": 874,
            "16:00": 997,
            "17:00": 260,
            "18:00": 520,
            "19:00": 77
        },
        "02/06/2025": {
            "08:00": 524,
            "09:00": 895,
            "10:00": 459,
            "11:00": 390,
            "12:00": 536,
            "13:00": 45,
            "14:00": 922,
            "15:00": 656,
            "16:00": 693,
            "17:00": 444,
            "18:00": 492,
            "19:00": 809
        },
        "03/06/2025": {
            "08:00": 523,
            "09:00": 992,
            "10:00": 379,
            "11:00": 195,
            "12:00": 808,
            "13:00": 57,
            "14:00": 229,
            "15:00": 157,
            "16:00": 97,
            "17:00": 762,
            "18:00": 585,
            "19:00": 258
        },
        "04/06/2025": {
            "08:00": 94,
            "09:00": 420,
            "10:00": 400,
            "11:00": 793,
            "12:00": 127,
            "13:00": 424,
            "14:00": 565,
            "15:00": 785,
            "16:00": 279,
            "17:00": 396,
            "18:00": 289,
            "19:00": 741
        },
        "06/06/2025": {
            "08:00": 341,
            "09:00": 832,
            "10:00": 641,
            "11:00": 768,
            "12:00": 491,
            "13:00": 384,
            "14:00": 664,
            "15:00": 337,
            "16:00": 3,
            "17:00": 255,
            "18:00": 312,
            "19:00": 171
        },
        "07/06/2025": {
            "08:00": 123,
            "09:00": 608,
            "10:00": 461,
            "11:00": 82,
            "12:00": 820,
            "13:00": 248,
            "14:00": 732,
            "15:00": 904,
            "16:00": 872,
            "17:00": 628,
            "18:00": 496,
            "19:00": 514
        },
        "08/06/2025": {
            "08:00": 705,
            "09:00": 862,
            "10:00": 223,
            "11:00": 951,
            "12:00": 934,
            "13:00": 697,
            "14:00": 845,
            "15:00": 986,
            "16:00": 638,
            "17:00": 633,
            "18:00": 711,
            "19:00": 912
        },
        "09/06/2025": {
            "08:00": 574,
            "09:00": 313,
            "10:00": 984,
            "11:00": 494,
            "12:00": 438,
            "13:00": 630,
            "14:00": 524,
            "15:00": 171,
            "16:00": 363,
            "17:00": 285,
            "18:00": 2,
            "19:00": 589
        },
        "10/06/2025": {
            "08:00": 439,
            "09:00": 648,
            "10:00": 492,
            "11:00": 313,
            "12:00": 205,
            "13:00": 821,
            "14:00": 85,
            "15:00": 381,
            "16:00": 406,
            "17:00": 533,
            "18:00": 157,
            "19:00": 278
        },
        "11/06/2025": {
            "08:00": 751,
            "09:00": 426,
            "10:00": 875,
            "11:00": 502,
            "12:00": 432,
            "13:00": 955,
            "14:00": 988,
            "15:00": 63,
            "16:00": 725,
            "17:00": 302,
            "18:00": 697,
            "19:00": 239
        },
        "12/06/2025": {
            "08:00": 846,
            "09:00": 779,
            "10:00": 2,
            "11:00": 10,
            "12:00": 52,
            "13:00": 637,
            "14:00": 267,
            "15:00": 502,
            "16:00": 80,
            "17:00": 704,
            "18:00": 250,
            "19:00": 299
        },
        "13/06/2025": {
            "08:00": 702,
            "09:00": 833,
            "10:00": 112,
            "11:00": 330,
            "12:00": 717,
            "13:00": 888,
            "14:00": 373,
            "15:00": 42,
            "16:00": 920,
            "17:00": 431,
            "18:00": 480,
            "19:00": 796
        },
        "14/06/2025": {
            "08:00": 140,
            "09:00": 409,
            "10:00": 98,
            "11:00": 347,
            "12:00": 894,
            "13:00": 344,
            "14:00": 91,
            "15:00": 315,
            "16:00": 392,
            "17:00": 735,
            "18:00": 767,
            "19:00": 287
        },
        "15/06/2025": {
            "08:00": 335,
            "09:00": 436,
            "10:00": 842,
            "11:00": 549,
            "12:00": 741,
            "13:00": 655,
            "14:00": 969,
            "15:00": 507,
            "16:00": 963,
            "17:00": 518,
            "18:00": 582,
            "19:00": 797
        },
        "16/06/2025": {
            "08:00": 163,
            "09:00": 62,
            "10:00": 956,
            "11:00": 954,
            "12:00": 132,
            "13:00": 384,
            "14:00": 926,
            "15:00": 894,
            "16:00": 446,
            "17:00": 798,
            "18:00": 870,
            "19:00": 503
        },
        "17/06/2025": {
            "08:00": 231,
            "09:00": 718,
            "10:00": 538,
            "11:00": 620,
            "12:00": 133,
            "13:00": 970,
            "14:00": 107,
            "15:00": 712,
            "16:00": 555,
            "17:00": 449,
            "18:00": 638,
            "19:00": 246
        },
        "18/06/2025": {
            "08:00": 345,
            "09:00": 799,
            "10:00": 999,
            "11:00": 338,
            "12:00": 657,
            "13:00": 823,
            "14:00": 910,
            "15:00": 596,
            "16:00": 337,
            "17:00": 242,
            "18:00": 830,
            "19:00": 88
        },
        "19/06/2025": {
            "08:00": 258,
            "09:00": 538,
            "10:00": 350,
            "11:00": 236,
            "12:00": 743,
            "13:00": 122,
            "14:00": 480,
            "15:00": 250,
            "16:00": 449,
            "17:00": 196,
            "18:00": 857,
            "19:00": 636
        },
        "20/06/2025": {
            "08:00": 375,
            "09:00": 322,
            "10:00": 459,
            "11:00": 872,
            "12:00": 254,
            "13:00": 804,
            "14:00": 479,
            "15:00": 874,
            "16:00": 955,
            "17:00": 352,
            "18:00": 813,
            "19:00": 486
        },
        "21/06/2025": {
            "08:00": 856,
            "09:00": 830,
            "10:00": 107,
            "11:00": 810,
            "12:00": 511,
            "13:00": 920,
            "14:00": 125,
            "15:00": 84,
            "16:00": 416,
            "17:00": 478,
            "18:00": 843,
            "19:00": 781
        },
        "22/06/2025": {
            "08:00": 199,
            "09:00": 63,
            "10:00": 428,
            "11:00": 519,
            "12:00": 900,
            "13:00": 435,
            "14:00": 830,
            "15:00": 232,
            "16:00": 24,
            "17:00": 204,
            "18:00": 735,
            "19:00": 902
        },
        "23/06/2025": {
            "08:00": 360,
            "09:00": 282,
            "10:00": 36,
            "11:00": 315,
            "12:00": 746,
            "13:00": 331,
            "14:00": 475,
            "15:00": 988,
            "16:00": 4,
            "17:00": 232,
            "18:00": 7,
            "19:00": 478
        },
        "24/06/2025": {
            "08:00": 352,
            "09:00": 202,
            "10:00": 693,
            "11:00": 5,
            "12:00": 404,
            "13:00": 701,
            "14:00": 526,
            "15:00": 178,
            "16:00": 979,
            "17:00": 658,
            "18:00": 681,
            "19:00": 43
        },
        "25/06/2025": {
            "08:00": 262,
            "09:00": 14,
            "10:00": 495,
            "11:00": 926,
            "12:00": 869,
            "13:00": 758,
            "14:00": 701,
            "15:00": 240,
            "16:00": 187,
            "17:00": 220,
            "18:00": 866,
            "19:00": 467
        },
        "26/06/2025": {
            "08:00": 113,
            "09:00": 841,
            "10:00": 84,
            "11:00": 609,
            "12:00": 347,
            "13:00": 800,
            "14:00": 344,
            "15:00": 712,
            "16:00": 893,
            "17:00": 645,
            "18:00": 199,
            "19:00": 45
        },
        "27/06/2025": {
            "08:00": 831,
            "09:00": 246,
            "10:00": 180,
            "11:00": 739,
            "12:00": 723,
            "13:00": 115,
            "14:00": 375,
            "15:00": 3,
            "16:00": 81,
            "17:00": 445,
            "18:00": 855,
            "19:00": 597
        },
        "28/06/2025": {
            "08:00": 619,
            "09:00": 33,
            "10:00": 908,
            "11:00": 76,
            "12:00": 982,
            "13:00": 122,
            "14:00": 790,
            "15:00": 781,
            "16:00": 984,
            "17:00": 127,
            "18:00": 156,
            "19:00": 393
        },
        "29/06/2025": {
            "08:00": 619,
            "09:00": 33,
            "10:00": 908,
            "11:00": 76,
            "12:00": 982,
            "13:00": 122,
            "14:00": 790,
            "15:00": 781,
            "16:00": 984,
            "17:00": 127,
            "18:00": 156,
            "19:00": 393
        },
        "30/06/2025": {
            "08:00": 470,
            "09:00": 246,
            "10:00": 631,
            "11:00": 941,
            "12:00": 351,
            "13:00": 516,
            "14:00": 621,
            "15:00": 230,
            "16:00": 493,
            "17:00": 146,
            "18:00": 757,
            "19:00": 663
        },
        "01/07/2025": {
            "08:00": 255,
            "09:00": 135,
            "10:00": 141,
            "11:00": 372,
            "12:00": 118,
            "13:00": 652,
            "14:00": 390,
            "15:00": 318,
            "16:00": 581,
            "17:00": 185,
            "18:00": 896,
            "19:00": 753
        },
        "02/07/2025": {
            "08:00": 142,
            "09:00": 55,
            "10:00": 903,
            "11:00": 159,
            "12:00": 125,
            "13:00": 724,
            "14:00": 283,
            "15:00": 530,
            "16:00": 217,
            "17:00": 62,
            "18:00": 12,
            "19:00": 72
        },
        "03/07/2025": {
            "08:00": 974,
            "09:00": 562,
            "10:00": 855,
            "11:00": 653,
            "12:00": 922,
            "13:00": 258,
            "14:00": 171,
            "15:00": 964,
            "16:00": 879,
            "17:00": 582,
            "18:00": 382,
            "19:00": 254
        },
        "04/07/2025": {
            "08:00": 566,
            "09:00": 352,
            "10:00": 945,
            "11:00": 596,
            "12:00": 476,
            "13:00": 281,
            "14:00": 314,
            "15:00": 19,
            "16:00": 745,
            "17:00": 47,
            "18:00": 31,
            "19:00": 695
        },
        "05/07/2025": {
            "08:00": 376,
            "09:00": 493,
            "10:00": 334,
            "11:00": 88,
            "12:00": 14,
            "13:00": 441,
            "14:00": 869,
            "15:00": 312,
            "16:00": 956,
            "17:00": 483,
            "18:00": 804,
            "19:00": 13
        },
        "06/07/2025": {
            "08:00": 478,
            "09:00": 651,
            "10:00": 830,
            "11:00": 734,
            "12:00": 805,
            "13:00": 972,
            "14:00": 327,
            "15:00": 769,
            "16:00": 282,
            "17:00": 89,
            "18:00": 318,
            "19:00": 38
        },
        "07/07/2025": {
            "08:00": 837,
            "09:00": 99,
            "10:00": 408,
            "11:00": 57,
            "12:00": 468,
            "13:00": 54,
            "14:00": 718,
            "15:00": 654,
            "16:00": 639,
            "17:00": 275,
            "18:00": 821,
            "19:00": 457
        },
        "08/07/2025": {
            "08:00": 496,
            "09:00": 578,
            "10:00": 136,
            "11:00": 572,
            "12:00": 977,
            "13:00": 801,
            "14:00": 624,
            "15:00": 206,
            "16:00": 542,
            "17:00": 156,
            "18:00": 563,
            "19:00": 994
        },
        "09/07/2025": {
            "08:00": 182,
            "09:00": 650,
            "10:00": 129,
            "11:00": 253,
            "12:00": 244,
            "13:00": 580,
            "14:00": 983,
            "15:00": 634,
            "16:00": 931,
            "17:00": 968,
            "18:00": 110,
            "19:00": 352
        },
        "10/07/2025": {
            "08:00": 108,
            "09:00": 281,
            "10:00": 568,
            "11:00": 144,
            "12:00": 712,
            "13:00": 590,
            "14:00": 567,
            "15:00": 382,
            "16:00": 215,
            "17:00": 917,
            "18:00": 904,
            "19:00": 539
        },
        "11/07/2025": {
            "08:00": 80,
            "09:00": 427,
            "10:00": 691,
            "11:00": 430,
            "12:00": 694,
            "13:00": 436,
            "14:00": 341,
            "15:00": 309,
            "16:00": 391,
            "17:00": 417,
            "18:00": 497,
            "19:00": 183
        },
        "12/07/2025": {
            "08:00": 471,
            "09:00": 382,
            "10:00": 685,
            "11:00": 518,
            "12:00": 673,
            "13:00": 510,
            "14:00": 867,
            "15:00": 292,
            "16:00": 265,
            "17:00": 483,
            "18:00": 268,
            "19:00": 164
        },
        "13/07/2025": {
            "08:00": 39,
            "09:00": 796,
            "10:00": 211,
            "11:00": 354,
            "12:00": 657,
            "13:00": 146,
            "14:00": 730,
            "15:00": 361,
            "16:00": 671,
            "17:00": 849,
            "18:00": 312,
            "19:00": 19
        },
        "14/07/2025": {
            "08:00": 325,
            "09:00": 855,
            "10:00": 274,
            "11:00": 373,
            "12:00": 905,
            "13:00": 632,
            "14:00": 246,
            "15:00": 460,
            "16:00": 385,
            "17:00": 437,
            "18:00": 567,
            "19:00": 638
        },
        "15/07/2025": {
            "08:00": 482,
            "09:00": 617,
            "10:00": 52,
            "11:00": 810,
            "12:00": 50,
            "13:00": 86,
            "14:00": 825,
            "15:00": 337,
            "16:00": 138,
            "17:00": 608,
            "18:00": 349,
            "19:00": 39
        },
        "16/07/2025": {
            "08:00": 822,
            "09:00": 625,
            "10:00": 769,
            "11:00": 376,
            "12:00": 250,
            "13:00": 547,
            "14:00": 545,
            "15:00": 584,
            "16:00": 654,
            "17:00": 187,
            "18:00": 96,
            "19:00": 469
        },
        "17/07/2025": {
            "08:00": 93,
            "09:00": 726,
            "10:00": 506,
            "11:00": 258,
            "12:00": 153,
            "13:00": 377,
            "14:00": 816,
            "15:00": 427,
            "16:00": 941,
            "17:00": 570,
            "18:00": 192,
            "19:00": 611
        },
        "18/07/2025": {
            "08:00": 681,
            "09:00": 621,
            "10:00": 143,
            "11:00": 740,
            "12:00": 678,
            "13:00": 919,
            "14:00": 229,
            "15:00": 356,
            "16:00": 946,
            "17:00": 138,
            "18:00": 982,
            "19:00": 53
        },
        "19/07/2025": {
            "08:00": 580,
            "09:00": 136,
            "10:00": 57,
            "11:00": 965,
            "12:00": 201,
            "13:00": 459,
            "14:00": 36,
            "15:00": 431,
            "16:00": 330,
            "17:00": 239,
            "18:00": 304,
            "19:00": 460
        },
        "20/07/2025": {
            "08:00": 188,
            "09:00": 349,
            "10:00": 316,
            "11:00": 685,
            "12:00": 121,
            "13:00": 5,
            "14:00": 781,
            "15:00": 463,
            "16:00": 244,
            "17:00": 715,
            "18:00": 175,
            "19:00": 795
        },
        "21/07/2025": {
            "08:00": 763,
            "09:00": 96,
            "10:00": 274,
            "11:00": 262,
            "12:00": 458,
            "13:00": 340,
            "14:00": 426,
            "15:00": 782,
            "16:00": 572,
            "17:00": 181,
            "18:00": 251,
            "19:00": 296
        },
        "22/07/2025": {
            "08:00": 851,
            "09:00": 299,
            "10:00": 312,
            "11:00": 37,
            "12:00": 813,
            "13:00": 739,
            "14:00": 545,
            "15:00": 324,
            "16:00": 186,
            "17:00": 237,
            "18:00": 83,
            "19:00": 113
        },
        "23/07/2025": {
            "08:00": 208,
            "09:00": 579,
            "10:00": 782,
            "11:00": 828,
            "12:00": 476,
            "13:00": 603,
            "14:00": 737,
            "15:00": 493,
            "16:00": 162,
            "17:00": 317,
            "18:00": 270,
            "19:00": 197
        },
        "24/07/2025": {
            "08:00": 184,
            "09:00": 246,
            "10:00": 452,
            "11:00": 397,
            "12:00": 140,
            "13:00": 647,
            "14:00": 571,
            "15:00": 62,
            "16:00": 234,
            "17:00": 128,
            "18:00": 399,
            "19:00": 732
        },
        "25/07/2025": {
            "08:00": 739,
            "09:00": 510,
            "10:00": 786,
            "11:00": 134,
            "12:00": 911,
            "13:00": 576,
            "14:00": 642,
            "15:00": 328,
            "16:00": 172,
            "17:00": 436,
            "18:00": 421,
            "19:00": 216
        },
        "28/07/2025": {
            "08:00": 229,
            "09:00": 379,
            "10:00": 362,
            "11:00": 468,
            "12:00": 441,
            "13:00": 276,
            "14:00": 315,
            "15:00": 766,
            "16:00": 87,
            "17:00": 601,
            "18:00": 485,
            "19:00": 489
        },
        "29/07/2025": {
            "08:00": 371,
            "09:00": 736,
            "10:00": 207,
            "11:00": 12,
            "12:00": 61,
            "13:00": 738,
            "14:00": 247,
            "15:00": 573,
            "16:00": 128,
            "17:00": 546,
            "18:00": 852,
            "19:00": 58
        },
        "30/07/2025": {
            "08:00": 592,
            "09:00": 936,
            "10:00": 759,
            "11:00": 75,
            "12:00": 719,
            "13:00": 311,
            "14:00": 170,
            "15:00": 823,
            "16:00": 264,
            "17:00": 721,
            "18:00": 715,
            "19:00": 809
        },
        "31/07/2025": {
            "08:00": 739,
            "09:00": 179,
            "10:00": 727,
            "11:00": 468,
            "12:00": 108,
            "13:00": 202,
            "14:00": 351,
            "15:00": 426,
            "16:00": 556,
            "17:00": 294,
            "18:00": 437,
            "19:00": 607
        },
        "01/08/2025": {
            "08:00": 674,
            "09:00": 975,
            "10:00": 381,
            "11:00": 901,
            "12:00": 217,
            "13:00": 734,
            "14:00": 526,
            "15:00": 413,
            "16:00": 153,
            "17:00": 130,
            "18:00": 819,
            "19:00": 780
        },
        "02/08/2025": {
            "08:00": 430,
            "09:00": 175,
            "10:00": 77,
            "11:00": 432,
            "12:00": 34,
            "13:00": 594,
            "14:00": 256,
            "15:00": 361,
            "16:00": 293,
            "17:00": 865,
            "18:00": 468,
            "19:00": 180
        },
        "03/08/2025": {
            "08:00": 176,
            "09:00": 46,
            "10:00": 91,
            "11:00": 338,
            "12:00": 849,
            "13:00": 584,
            "14:00": 355,
            "15:00": 290,
            "16:00": 328,
            "17:00": 863,
            "18:00": 914,
            "19:00": 826
        },
        "04/08/2025": {
            "08:00": 188,
            "09:00": 538,
            "10:00": 623,
            "11:00": 793,
            "12:00": 25,
            "13:00": 214,
            "14:00": 602,
            "15:00": 657,
            "16:00": 891,
            "17:00": 245,
            "18:00": 55,
            "19:00": 905
        },
        "05/08/2025": {
            "08:00": 721,
            "09:00": 350,
            "10:00": 70,
            "11:00": 634,
            "12:00": 665,
            "13:00": 196,
            "14:00": 716,
            "15:00": 449,
            "16:00": 324,
            "17:00": 769,
            "18:00": 352,
            "19:00": 538
        },
        "06/08/2025": {
            "08:00": 841,
            "09:00": 279,
            "10:00": 574,
            "11:00": 62,
            "12:00": 612,
            "13:00": 482,
            "14:00": 837,
            "15:00": 254,
            "16:00": 43,
            "17:00": 995,
            "18:00": 420,
            "19:00": 305
        },
        "07/08/2025": {
            "08:00": 861,
            "09:00": 754,
            "10:00": 180,
            "11:00": 392,
            "12:00": 867,
            "13:00": 377,
            "14:00": 836,
            "15:00": 242,
            "16:00": 682,
            "17:00": 413,
            "18:00": 32,
            "19:00": 168
        },
        "08/08/2025": {
            "08:00": 113,
            "09:00": 822,
            "10:00": 860,
            "11:00": 15,
            "12:00": 134,
            "13:00": 275,
            "14:00": 62,
            "15:00": 643,
            "16:00": 340,
            "17:00": 206,
            "18:00": 468,
            "19:00": 538
        },
        "09/08/2025": {
            "08:00": 462,
            "09:00": 524,
            "10:00": 317,
            "11:00": 655,
            "12:00": 794,
            "13:00": 729
        },
        "09/09/2025": {
            "14:00": 312,
            "15:00": 357,
            "16:00": 865,
            "17:00": 82,
            "18:00": 58,
            "19:00": 325
        },
        "10/08/2025": {
            "08:00": 635,
            "09:00": 473,
            "10:00": 232,
            "11:00": 387,
            "12:00": 156,
            "13:00": 707,
            "14:00": 102,
            "15:00": 278,
            "16:00": 425,
            "17:00": 844,
            "18:00": 433,
            "19:00": 141
        },
        "11/08/2025": {
            "08:00": 470,
            "09:00": 875,
            "10:00": 63,
            "11:00": 49,
            "12:00": 947,
            "13:00": 14,
            "14:00": 187,
            "15:00": 580,
            "16:00": 852,
            "17:00": 841,
            "18:00": 433,
            "19:00": 435
        },
        "12/08/2025": {
            "08:00": 910,
            "09:00": 604,
            "10:00": 479,
            "11:00": 530,
            "12:00": 58,
            "13:00": 279,
            "14:00": 88,
            "15:00": 684,
            "16:00": 726,
            "17:00": 446,
            "18:00": 374,
            "19:00": 589
        },
        "13/08/2025": {
            "08:00": 431,
            "09:00": 528,
            "10:00": 203,
            "11:00": 253,
            "12:00": 267,
            "13:00": 953,
            "14:00": 12,
            "15:00": 734,
            "16:00": 319,
            "17:00": 455,
            "18:00": 30,
            "19:00": 390
        },
        "14/08/2025": {
            "08:00": 217,
            "09:00": 169,
            "10:00": 975,
            "11:00": 126,
            "12:00": 854,
            "13:00": 620,
            "14:00": 345,
            "15:00": 353,
            "16:00": 851,
            "17:00": 765,
            "18:00": 103,
            "19:00": 370
        },
        "15/08/2025": {
            "08:00": 920,
            "09:00": 22,
            "10:00": 110,
            "11:00": 893,
            "12:00": 451,
            "13:00": 524,
            "14:00": 842,
            "15:00": 427,
            "16:00": 697,
            "17:00": 703,
            "18:00": 172,
            "19:00": 247
        },
        "16/08/2025": {
            "08:00": 252,
            "09:00": 67,
            "10:00": 320,
            "11:00": 492,
            "12:00": 128,
            "13:00": 672,
            "14:00": 356,
            "15:00": 189,
            "16:00": 106,
            "17:00": 346,
            "18:00": 422,
            "19:00": 55
        },
        "17/08/2025": {
            "08:00": 752,
            "09:00": 230,
            "10:00": 593,
            "11:00": 580,
            "12:00": 102,
            "13:00": 912,
            "14:00": 435,
            "15:00": 941,
            "16:00": 317,
            "17:00": 719,
            "18:00": 139,
            "19:00": 264
        },
        "18/08/2025": {
            "08:00": 375,
            "09:00": 621,
            "10:00": 578,
            "11:00": 724,
            "12:00": 915,
            "13:00": 225,
            "14:00": 847,
            "15:00": 368,
            "17:00": 429,
            "18:00": 379,
            "19:00": 250
        },
        "18/08/2026": {
            "16:00": 81
        },
        "19/08/2025": {
            "08:00": 416,
            "10:00": 121,
            "11:00": 896,
            "12:00": 134,
            "13:00": 436,
            "14:00": 147,
            "15:00": 468,
            "16:00": 446,
            "17:00": 209,
            "18:00": 321,
            "19:00": 93
        },
        "19/08/2020": {
            "09:00": 618
        },
        "20/08/2025": {
            "08:00": 642,
            "09:00": 230,
            "10:00": 26,
            "11:00": 314,
            "12:00": 510,
            "13:00": 573,
            "14:00": 58,
            "15:00": 127,
            "16:00": 459,
            "17:00": 885,
            "18:00": 316,
            "19:00": 645
        },
        "21/08/2025": {
            "08:00": 875,
            "09:00": 203,
            "10:00": 741,
            "11:00": 128,
            "12:00": 234,
            "13:00": 625,
            "14:00": 151,
            "15:00": 245,
            "16:00": 305,
            "17:00": 386,
            "18:00": 217,
            "19:00": 180
        },
        "22/08/2025": {
            "08:00": 912,
            "09:00": 393,
            "10:00": 549,
            "11:00": 286,
            "12:00": 223,
            "13:00": 463,
            "14:00": 631,
            "15:00": 455,
            "16:00": 234,
            "17:00": 351,
            "18:00": 124,
            "19:00": 949
        },
        "23/08/2025": {
            "08:00": 659,
            "09:00": 338,
            "10:00": 319,
            "11:00": 52,
            "12:00": 178,
            "13:00": 314,
            "14:00": 672,
            "15:00": 526,
            "16:00": 871,
            "17:00": 923,
            "18:00": 387,
            "19:00": 751
        },
        "24/08/2025": {
            "08:00": 559,
            "09:00": 403,
            "10:00": 853,
            "11:00": 285,
            "12:00": 9,
            "13:00": 284,
            "14:00": 747,
            "15:00": 814,
            "16:00": 29,
            "17:00": 137,
            "18:00": 465,
            "19:00": 342
        },
        "25/08/2025": {
            "08:00": 575,
            "09:00": 402,
            "10:00": 18,
            "11:00": 137,
            "12:00": 419,
            "13:00": 640,
            "14:00": 598,
            "15:00": 724,
            "16:00": 216,
            "17:00": 192,
            "18:00": 66,
            "19:00": 481
        },
        "26/08/2025": {
            "08:00": 512,
            "09:00": 551,
            "10:00": 678,
            "11:00": 586,
            "12:00": 192,
            "13:00": 624,
            "14:00": 214,
            "15:00": 646,
            "16:00": 907,
            "17:00": 43,
            "18:00": 181,
            "19:00": 160
        },
        "27/08/2025": {
            "08:00": 113,
            "09:00": 172,
            "10:00": 5,
            "11:00": 466,
            "12:00": 37,
            "13:00": 676,
            "14:00": 812,
            "15:00": 937,
            "16:00": 419,
            "17:00": 111,
            "18:00": 678,
            "19:00": 22
        },
        "28/08/2025": {
            "08:00": 116,
            "09:00": 669,
            "10:00": 689,
            "11:00": 256,
            "12:00": 709,
            "13:00": 194,
            "14:00": 950,
            "15:00": 475,
            "16:00": 243,
            "17:00": 21,
            "18:00": 135,
            "19:00": 44
        },
        "29/08/2025": {
            "08:00": 485,
            "09:00": 74,
            "10:00": 326,
            "11:00": 768,
            "12:00": 264
        }
    }
}